total_return,annual_return,max_drawdown,calmar_calc,win_rate,num_trades,param_str
7.277791649380028,3.0492076669141364,-0.21270607606056102,14.335310600370322,0.6521739130434783,0,"ATR=3.0 sym=0.95 rf=0.1 S1=(25, 20) dd=0.25"
7.277791649380028,3.0492076669141364,-0.21270607606056102,14.335310600370322,0.6521739130434783,0,"ATR=3.0 sym=0.95 rf=0.1 S1=(25, 20) dd=0.99"
6.1383971340508054,2.6712553915538315,-0.19002193465990458,14.057616013302686,0.75,0,"ATR=3.0 sym=0.5 rf=0.1 S1=(25, 20) dd=0.25"
6.1383971340508054,2.6712553915538315,-0.19002193465990458,14.057616013302686,0.75,0,"ATR=3.0 sym=0.5 rf=0.1 S1=(25, 20) dd=0.99"
4.789282127435576,2.1960765185200692,-0.19954665141933614,11.005328843655397,0.75,0,"ATR=5.0 sym=0.5 rf=0.1 S1=(25, 20) dd=0.25"
4.789282127435576,2.1960765185200692,-0.19954665141933614,11.005328843655397,0.75,0,"ATR=5.0 sym=0.5 rf=0.1 S1=(25, 20) dd=0.99"
4.958537617702454,2.257602835106347,-0.21415573794739595,10.541874136759727,0.6666666666666666,0,"ATR=3.0 sym=0.95 rf=0.05 S1=(25, 20) dd=0.25"
4.958537617702454,2.257602835106347,-0.21415573794739595,10.541874136759727,0.6666666666666666,0,"ATR=3.0 sym=0.95 rf=0.05 S1=(25, 20) dd=0.99"
4.037189446296202,1.9149244467207844,-0.18613832057788127,10.287642226360207,0.7857142857142857,0,"ATR=5.0 sym=0.95 rf=0.05 S1=(10, 5) dd=0.25"
4.037189446296202,1.9149244467207844,-0.18613832057788127,10.287642226360207,0.7857142857142857,0,"ATR=5.0 sym=0.95 rf=0.05 S1=(10, 5) dd=0.99"
3.9965634770677267,1.8993472918026666,-0.18613832057788127,10.203956315421733,0.7142857142857143,0,"ATR=5.0 sym=0.5 rf=0.05 S1=(10, 5) dd=0.25"
3.9965634770677267,1.8993472918026666,-0.18613832057788127,10.203956315421733,0.7142857142857143,0,"ATR=5.0 sym=0.5 rf=0.05 S1=(10, 5) dd=0.99"
5.833044582716327,2.5665765634926365,-0.25452425721425564,10.0838190889292,0.625,0,"ATR=5.0 sym=0.5 rf=0.1 S1=(20, 15) dd=0.25"
4.2796672785570005,2.0070299997188275,-0.2121879815141543,9.45873552967912,0.7142857142857143,0,"ATR=5.0 sym=0.5 rf=0.05 S1=(25, 20) dd=0.25"
4.2796672785570005,2.0070299997188275,-0.2121879815141543,9.45873552967912,0.7142857142857143,0,"ATR=5.0 sym=0.5 rf=0.05 S1=(25, 20) dd=0.99"
4.682211623583477,2.156840826639984,-0.2282511962262218,9.449417406348747,0.8333333333333334,0,"ATR=5.0 sym=0.5 rf=0.1 S1=(10, 5) dd=0.25"
4.682211623583477,2.156840826639984,-0.2282511962262218,9.449417406348747,0.8333333333333334,0,"ATR=5.0 sym=0.5 rf=0.1 S1=(10, 5) dd=0.99"
4.094414160116077,1.9367941361066423,-0.20908945630546527,9.2629928372721,0.7142857142857143,0,"ATR=5.0 sym=0.95 rf=0.05 S1=(25, 20) dd=0.25"
4.094414160116077,1.9367941361066423,-0.20908945630546527,9.2629928372721,0.7142857142857143,0,"ATR=5.0 sym=0.95 rf=0.05 S1=(25, 20) dd=0.99"
4.273465078689902,2.0046921615321462,-0.2293825476117073,8.739514764330005,0.6470588235294118,0,"ATR=5.0 sym=0.25 rf=0.1 S1=(10, 5) dd=0.25"
4.273465078689902,2.0046921615321462,-0.2293825476117073,8.739514764330005,0.6470588235294118,0,"ATR=5.0 sym=0.25 rf=0.1 S1=(10, 5) dd=0.99"
4.697237473465427,2.162362000104469,-0.25454207465547096,8.49510637104408,0.7692307692307693,0,"ATR=5.0 sym=0.95 rf=0.1 S1=(25, 20) dd=0.25"
3.635769351079875,1.759069698355043,-0.22434621789982911,7.840870752456678,0.5909090909090909,0,"ATR=5.0 sym=0.25 rf=0.05 S1=(10, 5) dd=0.25"
3.635769351079875,1.759069698355043,-0.22434621789982911,7.840870752456678,0.5909090909090909,0,"ATR=5.0 sym=0.25 rf=0.05 S1=(10, 5) dd=0.99"
3.305727987196451,1.6274773447442676,-0.20987838273796466,7.754382912203921,0.6666666666666666,0,"ATR=5.0 sym=0.25 rf=0.1 S1=(25, 20) dd=0.25"
3.305727987196451,1.6274773447442676,-0.20987838273796466,7.754382912203921,0.6666666666666666,0,"ATR=5.0 sym=0.25 rf=0.1 S1=(25, 20) dd=0.99"
2.6147302928162524,1.3402935177210287,-0.17762673892067515,7.545561697890424,0.6764705882352942,0,"ATR=3.0 sym=0.25 rf=0.05 S1=(20, 15) dd=0.25"
2.6147302928162524,1.3402935177210287,-0.17762673892067515,7.545561697890424,0.6764705882352942,0,"ATR=3.0 sym=0.25 rf=0.05 S1=(20, 15) dd=0.99"
3.889601920265153,1.8581287468955137,-0.25170244931173935,7.38224340675437,0.5405405405405406,0,"ATR=3.0 sym=0.5 rf=0.05 S1=(10, 5) dd=0.25"
3.084215299272052,1.537238422945347,-0.21285376844611414,7.222039967474256,0.6,0,"ATR=5.0 sym=0.25 rf=0.05 S1=(25, 20) dd=0.25"
3.084215299272052,1.537238422945347,-0.21285376844611414,7.222039967474256,0.6,0,"ATR=5.0 sym=0.25 rf=0.05 S1=(25, 20) dd=0.99"
3.7489286476567294,1.80345146584262,-0.25269189898088895,7.136957983678831,0.5161290322580645,0,"ATR=3.0 sym=0.95 rf=0.05 S1=(10, 5) dd=0.25"
3.9599426306307803,1.8852690564204613,-0.265920437892358,7.089598194718677,0.6071428571428571,0,"ATR=3.0 sym=0.5 rf=0.05 S1=(25, 20) dd=0.99"
2.534348145831102,1.3057272789890173,-0.19023172131161115,6.863877748601961,0.6764705882352942,0,"ATR=3.0 sym=0.25 rf=0.1 S1=(20, 15) dd=0.25"
2.534348145831102,1.3057272789890173,-0.19023172131161115,6.863877748601961,0.6764705882352942,0,"ATR=3.0 sym=0.25 rf=0.1 S1=(20, 15) dd=0.99"
2.7597477247859765,1.4020042019977401,-0.20471420619296166,6.848592621247908,0.5789473684210527,0,"ATR=3.0 sym=0.25 rf=0.05 S1=(25, 20) dd=0.25"
2.7597477247859765,1.4020042019977401,-0.20471420619296166,6.848592621247908,0.5789473684210527,0,"ATR=3.0 sym=0.25 rf=0.05 S1=(25, 20) dd=0.99"
2.695240390977027,1.3746550641677335,-0.20509518110965475,6.70252249092469,0.5384615384615384,0,"ATR=3.0 sym=0.25 rf=0.1 S1=(25, 20) dd=0.25"
2.695240390977027,1.3746550641677335,-0.20509518110965475,6.70252249092469,0.5384615384615384,0,"ATR=3.0 sym=0.25 rf=0.1 S1=(25, 20) dd=0.99"
3.539149495746928,1.720883958497632,-0.2612281680050983,6.587666145038564,0.6363636363636364,0,"ATR=3.0 sym=0.5 rf=0.1 S1=(10, 5) dd=0.99"
2.636291737869501,1.3495210628605991,-0.21084243383265044,6.400614137909919,0.7777777777777778,0,"ATR=5.0 sym=0.95 rf=0.1 S1=(10, 5) dd=0.25"
2.636291737869501,1.3495210628605991,-0.21084243383265044,6.400614137909919,0.7777777777777778,0,"ATR=5.0 sym=0.95 rf=0.1 S1=(10, 5) dd=0.99"
2.7203394681447755,1.3853153529676048,-0.22399251468135983,6.184650210022789,1.0,0,"ATR=10.0 sym=0.25 rf=0.1 S1=(10, 5) dd=0.25"
2.7203394681447755,1.3853153529676048,-0.22399251468135983,6.184650210022789,1.0,0,"ATR=10.0 sym=0.25 rf=0.1 S1=(10, 5) dd=0.99"
2.622170277739128,1.3434796700738554,-0.21739542065537099,6.179889466041811,0.5925925925925926,0,"ATR=3.0 sym=0.5 rf=0.05 S1=(20, 15) dd=0.25"
2.622170277739128,1.3434796700738554,-0.21739542065537099,6.179889466041811,0.5925925925925926,0,"ATR=3.0 sym=0.5 rf=0.05 S1=(20, 15) dd=0.99"
3.2943914316592036,1.6228978426148548,-0.265920437892358,6.102945134558587,0.5862068965517241,0,"ATR=3.0 sym=0.5 rf=0.05 S1=(25, 20) dd=0.25"
3.0644623228913277,1.5291121338274785,-0.2533214483766446,6.036252135878983,0.5227272727272727,0,"ATR=3.0 sym=0.25 rf=0.1 S1=(10, 5) dd=0.25"
3.12811092479728,1.5552494519261333,-0.257738315424063,6.034219046427941,0.4827586206896552,0,"ATR=3.0 sym=0.5 rf=0.1 S1=(10, 5) dd=0.25"
2.5149868366817003,1.2973618596348166,-0.21947167696262126,5.911295150197323,0.875,0,"ATR=10.0 sym=0.25 rf=0.05 S1=(10, 5) dd=0.25"
2.5149868366817003,1.2973618596348166,-0.21947167696262126,5.911295150197323,0.875,0,"ATR=10.0 sym=0.25 rf=0.05 S1=(10, 5) dd=0.99"
2.970838502587677,1.4904123100647833,-0.2533214483766446,5.883482506577182,0.5227272727272727,0,"ATR=3.0 sym=0.25 rf=0.05 S1=(10, 5) dd=0.25"
2.8101514472349765,1.4232634884213318,-0.25645050272775904,5.549856495825356,0.6428571428571429,0,"ATR=5.0 sym=0.95 rf=0.1 S1=(20, 15) dd=0.25"
2.8287991900288034,1.4311045867780923,-0.26008179634868733,5.502517311359362,0.5238095238095238,0,"ATR=3.0 sym=0.25 rf=0.1 S1=(10, 5) dd=0.99"
1.9774832547409278,1.058443207920548,-0.2007552603007422,5.272306221689748,0.7619047619047619,0,"ATR=3.0 sym=0.5 rf=0.1 S1=(20, 15) dd=0.25"
1.9774832547409278,1.058443207920548,-0.2007552603007422,5.272306221689748,0.7619047619047619,0,"ATR=3.0 sym=0.5 rf=0.1 S1=(20, 15) dd=0.99"
2.6359015415249774,1.349354237201112,-0.26008179634868733,5.188191777144046,0.5365853658536586,0,"ATR=3.0 sym=0.25 rf=0.05 S1=(10, 5) dd=0.99"
2.3047038093644763,1.205474813871139,-0.23528433753384526,5.1234809189019375,0.6470588235294118,0,"ATR=5.0 sym=0.25 rf=0.1 S1=(20, 15) dd=0.25"
2.3047038093644763,1.205474813871139,-0.23528433753384526,5.1234809189019375,0.6470588235294118,0,"ATR=5.0 sym=0.25 rf=0.1 S1=(20, 15) dd=0.99"
2.424846526262777,1.258207730409465,-0.2516999395753219,4.998840017730489,0.64,0,"ATR=3.0 sym=0.95 rf=0.05 S1=(10, 5) dd=0.99"
1.6809068490246508,0.9203814382919622,-0.19252473325776387,4.780588045587365,1.0,0,"ATR=10.0 sym=0.5 rf=0.05 S1=(10, 5) dd=0.25"
1.6809068490246508,0.9203814382919622,-0.19252473325776387,4.780588045587365,1.0,0,"ATR=10.0 sym=0.5 rf=0.05 S1=(10, 5) dd=0.99"
1.6809068490246508,0.9203814382919622,-0.19252473325776387,4.780588045587365,1.0,0,"ATR=10.0 sym=0.95 rf=0.05 S1=(10, 5) dd=0.25"
1.6809068490246508,0.9203814382919622,-0.19252473325776387,4.780588045587365,1.0,0,"ATR=10.0 sym=0.95 rf=0.05 S1=(10, 5) dd=0.99"
2.0458633683048264,1.0896031902815508,-0.2407065242814952,4.526687398831409,0.6,0,"ATR=5.0 sym=0.25 rf=0.05 S1=(20, 15) dd=0.25"
2.0458633683048264,1.0896031902815508,-0.2407065242814952,4.526687398831409,0.6,0,"ATR=5.0 sym=0.25 rf=0.05 S1=(20, 15) dd=0.99"
2.142996935694826,1.133462081566254,-0.25454207465547096,4.452945875845567,0.6666666666666666,0,"ATR=5.0 sym=0.95 rf=0.1 S1=(25, 20) dd=0.99"
2.1758798126425267,1.1482054328548923,-0.25967292946592246,4.421737126070256,0.53125,0,"ATR=3.0 sym=0.5 rf=0.05 S1=(10, 5) dd=0.99"
1.3894858555727252,0.7795832405676362,-0.1785074446351187,4.367230969896841,1.0,0,"ATR=10.0 sym=0.5 rf=0.1 S1=(10, 5) dd=0.25"
1.3894858555727252,0.7795832405676362,-0.1785074446351187,4.367230969896841,1.0,0,"ATR=10.0 sym=0.5 rf=0.1 S1=(10, 5) dd=0.99"
1.5101386242243509,0.8385434161824543,-0.20277539096528652,4.135331275608321,1.0,0,"ATR=10.0 sym=0.5 rf=0.1 S1=(25, 20) dd=0.25"
1.5101386242243509,0.8385434161824543,-0.20277539096528652,4.135331275608321,1.0,0,"ATR=10.0 sym=0.5 rf=0.1 S1=(25, 20) dd=0.99"
1.669500707934675,0.9149712958074345,-0.22572452188209424,4.0534864718214525,1.0,0,"ATR=10.0 sym=0.25 rf=0.1 S1=(25, 20) dd=0.25"
1.669500707934675,0.9149712958074345,-0.22572452188209424,4.0534864718214525,1.0,0,"ATR=10.0 sym=0.25 rf=0.1 S1=(25, 20) dd=0.99"
1.4857863026376004,0.8267216345512414,-0.21240614341585307,3.892173838553572,1.0,0,"ATR=10.0 sym=0.25 rf=0.05 S1=(25, 20) dd=0.25"
1.4857863026376004,0.8267216345512414,-0.21240614341585307,3.892173838553572,1.0,0,"ATR=10.0 sym=0.25 rf=0.05 S1=(25, 20) dd=0.99"
1.2584402231692504,0.7143905597782589,-0.18635669207770267,3.8334580412083565,1.0,0,"ATR=10.0 sym=0.95 rf=0.1 S1=(20, 15) dd=0.25"
1.2584402231692504,0.7143905597782589,-0.18635669207770267,3.8334580412083565,1.0,0,"ATR=10.0 sym=0.95 rf=0.1 S1=(20, 15) dd=0.99"
1.2583877438505255,0.7143641999722978,-0.1864107955938923,3.8322040185300503,1.0,0,"ATR=10.0 sym=0.95 rf=0.1 S1=(10, 5) dd=0.25"
1.2583877438505255,0.7143641999722978,-0.1864107955938923,3.8322040185300503,1.0,0,"ATR=10.0 sym=0.95 rf=0.1 S1=(10, 5) dd=0.99"
1.2426963239356503,0.7064732426734788,-0.18571423439592882,3.8040877425008293,1.0,0,"ATR=10.0 sym=0.5 rf=0.1 S1=(20, 15) dd=0.25"
1.2426963239356503,0.7064732426734788,-0.18571423439592882,3.8040877425008293,1.0,0,"ATR=10.0 sym=0.5 rf=0.1 S1=(20, 15) dd=0.99"
1.2873670761527505,0.7288888528688033,-0.19194768344927127,3.797330813119384,1.0,0,"ATR=10.0 sym=0.5 rf=0.05 S1=(20, 15) dd=0.25"
1.2873670761527505,0.7288888528688033,-0.19194768344927127,3.797330813119384,1.0,0,"ATR=10.0 sym=0.5 rf=0.05 S1=(20, 15) dd=0.99"
1.2873670761527505,0.7288888528688033,-0.19194768344927127,3.797330813119384,1.0,0,"ATR=10.0 sym=0.95 rf=0.05 S1=(20, 15) dd=0.25"
1.2873670761527505,0.7288888528688033,-0.19194768344927127,3.797330813119384,1.0,0,"ATR=10.0 sym=0.95 rf=0.05 S1=(20, 15) dd=0.99"
1.4262320044232504,0.7976447190073608,-0.21156464624438287,3.7702174402332997,1.0,0,"ATR=10.0 sym=0.25 rf=0.05 S1=(20, 15) dd=0.25"
1.4262320044232504,0.7976447190073608,-0.21156464624438287,3.7702174402332997,1.0,0,"ATR=10.0 sym=0.25 rf=0.05 S1=(20, 15) dd=0.99"
1.38076315242725,0.775282090308687,-0.21038305607875796,3.6850975775276136,0.8,0,"ATR=10.0 sym=0.25 rf=0.1 S1=(20, 15) dd=0.25"
1.38076315242725,0.775282090308687,-0.21038305607875796,3.6850975775276136,0.8,0,"ATR=10.0 sym=0.25 rf=0.1 S1=(20, 15) dd=0.99"
1.3297790883884506,0.7500343603262383,-0.20462783781916805,3.6653583809503583,1.0,0,"ATR=10.0 sym=0.5 rf=0.05 S1=(25, 20) dd=0.25"
1.3297790883884506,0.7500343603262383,-0.20462783781916805,3.6653583809503583,1.0,0,"ATR=10.0 sym=0.5 rf=0.05 S1=(25, 20) dd=0.99"
1.3297790883884506,0.7500343603262383,-0.20462783781916805,3.6653583809503583,1.0,0,"ATR=10.0 sym=0.95 rf=0.05 S1=(25, 20) dd=0.25"
1.3297790883884506,0.7500343603262383,-0.20462783781916805,3.6653583809503583,1.0,0,"ATR=10.0 sym=0.95 rf=0.05 S1=(25, 20) dd=0.99"
1.3996005537401008,0.7845641359275075,-0.21760744626393036,3.60541033589416,0.6666666666666666,0,"ATR=10.0 sym=0.95 rf=0.1 S1=(25, 20) dd=0.25"
1.3996005537401008,0.7845641359275075,-0.21760744626393036,3.60541033589416,0.6666666666666666,0,"ATR=10.0 sym=0.95 rf=0.1 S1=(25, 20) dd=0.99"
1.2503620481452504,0.7103305349892006,-0.24348007770339963,2.9174072133100952,0.5454545454545454,0,"ATR=5.0 sym=0.95 rf=0.05 S1=(20, 15) dd=0.25"
1.2503620481452504,0.7103305349892006,-0.24348007770339963,2.9174072133100952,0.5454545454545454,0,"ATR=5.0 sym=0.95 rf=0.05 S1=(20, 15) dd=0.99"
1.3183180806517756,0.7443331399790878,-0.25805242874620216,2.8844260199199634,0.7,0,"ATR=5.0 sym=0.5 rf=0.1 S1=(20, 15) dd=0.99"
1.2208590645156008,0.6954604833364966,-0.24348007770339963,2.8563342426056164,0.5454545454545454,0,"ATR=5.0 sym=0.5 rf=0.05 S1=(20, 15) dd=0.25"
1.2208590645156008,0.6954604833364966,-0.24348007770339963,2.8563342426056164,0.5454545454545454,0,"ATR=5.0 sym=0.5 rf=0.05 S1=(20, 15) dd=0.99"
1.1225043969149264,0.6453971620302676,-0.24242148235612082,2.662293604335648,0.7,0,"ATR=3.0 sym=0.95 rf=0.1 S1=(20, 15) dd=0.25"
1.1225043969149264,0.6453971620302676,-0.24242148235612082,2.662293604335648,0.7,0,"ATR=3.0 sym=0.95 rf=0.1 S1=(20, 15) dd=0.99"
1.0358996035307766,0.6006610736199072,-0.25453338979749673,2.359851782502032,0.6363636363636364,0,"ATR=3.0 sym=0.95 rf=0.05 S1=(20, 15) dd=0.25"
1.0358996035307766,0.6006610736199072,-0.25453338979749673,2.359851782502032,0.6363636363636364,0,"ATR=3.0 sym=0.95 rf=0.05 S1=(20, 15) dd=0.99"
1.0193439535970006,0.5920364615069098,-0.2544483640164078,2.3267450109002588,0.7,0,"ATR=5.0 sym=0.95 rf=0.1 S1=(20, 15) dd=0.99"
0.9036836893121765,0.5311002137204626,-0.23718469905424477,2.239184128816836,0.5833333333333334,0,"ATR=3.0 sym=0.95 rf=0.1 S1=(10, 5) dd=0.25"
0.9036836893121765,0.5311002137204626,-0.23718469905424477,2.239184128816836,0.5833333333333334,0,"ATR=3.0 sym=0.95 rf=0.1 S1=(10, 5) dd=0.99"
