date,cash,stock_value,equity,drawdown,stock_weight,positions,risk_off_remaining_days
2025-01-02,2000000.0,0.0,2000000.0,0.0,0.0,0,0
2025-01-03,2000000.0,0.0,2000000.0,0.0,0.0,0,0
2025-01-06,2000000.0,0.0,2000000.0,0.0,0.0,0,0
2025-01-07,2000000.0,0.0,2000000.0,0.0,0.0,0,0
2025-01-08,2000000.0,0.0,2000000.0,0.0,0.0,0,0
2025-01-09,2000000.0,0.0,2000000.0,0.0,0.0,0,0
2025-01-10,2000000.0,0.0,2000000.0,0.0,0.0,0,0
2025-01-13,2000000.0,0.0,2000000.0,0.0,0.0,0,0
2025-01-14,2000000.0,0.0,2000000.0,0.0,0.0,0,0
2025-01-15,2000000.0,0.0,2000000.0,0.0,0.0,0,0
2025-01-16,2000000.0,0.0,2000000.0,0.0,0.0,0,0
2025-01-17,2000000.0,0.0,2000000.0,0.0,0.0,0,0
2025-01-20,2000000.0,0.0,2000000.0,0.0,0.0,0,0
2025-01-21,2000000.0,0.0,2000000.0,0.0,0.0,0,0
2025-01-22,2000000.0,0.0,2000000.0,0.0,0.0,0,0
2025-01-23,2000000.0,0.0,2000000.0,0.0,0.0,0,0
2025-01-24,2000000.0,0.0,2000000.0,0.0,0.0,0,0
2025-01-27,2000000.0,0.0,2000000.0,0.0,0.0,0,0
2025-02-05,2000000.0,0.0,2000000.0,0.0,0.0,0,0
2025-02-06,2000000.0,0.0,2000000.0,0.0,0.0,0,0
2025-02-07,2000000.0,0.0,2000000.0,0.0,0.0,0,0
2025-02-10,2000000.0,0.0,2000000.0,0.0,0.0,0,0
2025-02-11,2000000.0,0.0,2000000.0,0.0,0.0,0,0
2025-02-12,2000000.0,0.0,2000000.0,0.0,0.0,0,0
2025-02-13,2000000.0,0.0,2000000.0,0.0,0.0,0,0
2025-02-14,2000000.0,0.0,2000000.0,0.0,0.0,0,0
2025-02-17,2000000.0,0.0,2000000.0,0.0,0.0,0,0
2025-02-18,1006550.72710175,964440.0,1970990.72710175,-0.01450463644912503,0.48931737056833546,1,0
2025-02-19,1006550.72710175,983745.0000000001,1990295.7271017502,-0.004852136449124855,0.49427076921504537,1,0
2025-02-20,41301.000030050054,1948482.0,1989783.00003005,-0.005108499984974979,0.979243465227401,2,0
2025-02-21,41301.000030050054,2047240.0,2088541.00003005,0.0,0.9802249512796465,2,0
2025-02-24,41301.000030050054,2051493.0,2092794.00003005,0.0,0.9802651383607479,2,0
2025-02-25,41301.000030050054,2060950.0,2102251.00003005,0.0,0.9803539158599712,2,0
2025-02-26,41301.000030050054,2085708.0,2127009.00003005,0.0,0.9805825927255284,2,0
2025-02-27,41301.000030050054,2086034.0,2127335.00003005,0.0,0.9805855683145971,2,0
2025-02-28,41301.000030050054,1962832.0,2004133.00003005,-0.05791377474551951,0.9793920862390716,2,0
2025-03-03,961944.9741668501,1022760.0000000001,1984704.97416685,-0.06704634007393528,0.5153209234180207,1,0
2025-03-04,961944.9741668501,1069470.0,2031414.97416685,-0.04508929052633692,0.5264655491862881,1,0
2025-03-05,961944.9741668501,1050975.0,2012919.97416685,-0.053783266792293505,0.5221146461299336,1,0
2025-03-06,961944.9741668501,1081755.0,2043699.97416685,-0.03931445957595703,0.5293120387893513,1,0
2025-03-07,961944.9741668501,1067985.0,2029929.97416685,-0.04578734701484444,0.5261191339560056,1,0
2025-03-10,961944.9741668501,1082430.0,2044374.97416685,-0.038997161172089956,0.5294674478399569,1,0
2025-03-11,961944.9741668501,1059210.0,2021154.97416685,-0.04991222626511582,0.5240617436753567,1,0
2025-03-12,961944.9741668501,1048410.0,2010354.97416685,-0.0549890007269882,0.5215049150384458,1,0
2025-03-13,961944.9741668501,1009665.0000000001,1971609.97416685,-0.07320192910895573,0.5121017915455909,1,0
2025-03-14,1969893.33987085,0.0,1969893.33987085,-0.07400887032694714,0.0,0,0
2025-03-17,1969893.33987085,0.0,1969893.33987085,-0.07400887032694714,0.0,0,0
2025-03-18,1969893.33987085,0.0,1969893.33987085,-0.07400887032694714,0.0,0,0
2025-03-19,1969893.33987085,0.0,1969893.33987085,-0.07400887032694714,0.0,0,0
2025-03-20,1969893.33987085,0.0,1969893.33987085,-0.07400887032694714,0.0,0,0
2025-03-21,1969893.33987085,0.0,1969893.33987085,-0.07400887032694714,0.0,0,0
2025-03-24,1969893.33987085,0.0,1969893.33987085,-0.07400887032694714,0.0,0,0
2025-03-25,1969893.33987085,0.0,1969893.33987085,-0.07400887032694714,0.0,0,0
2025-03-26,1969893.33987085,0.0,1969893.33987085,-0.07400887032694714,0.0,0,0
2025-03-27,1969893.33987085,0.0,1969893.33987085,-0.07400887032694714,0.0,0,0
2025-03-28,1969893.33987085,0.0,1969893.33987085,-0.07400887032694714,0.0,0,0
2025-03-31,1969893.33987085,0.0,1969893.33987085,-0.07400887032694714,0.0,0,0
2025-04-01,1969893.33987085,0.0,1969893.33987085,-0.07400887032694714,0.0,0,0
2025-04-02,1969893.33987085,0.0,1969893.33987085,-0.07400887032694714,0.0,0,0
2025-04-03,1969893.33987085,0.0,1969893.33987085,-0.07400887032694714,0.0,0,0
2025-04-07,1969893.33987085,0.0,1969893.33987085,-0.07400887032694714,0.0,0,0
2025-04-08,1969893.33987085,0.0,1969893.33987085,-0.07400887032694714,0.0,0,0
2025-04-09,1969893.33987085,0.0,1969893.33987085,-0.07400887032694714,0.0,0,0
2025-04-10,1969893.33987085,0.0,1969893.33987085,-0.07400887032694714,0.0,0,0
2025-04-11,1969893.33987085,0.0,1969893.33987085,-0.07400887032694714,0.0,0,0
2025-04-14,1969893.33987085,0.0,1969893.33987085,-0.07400887032694714,0.0,0,0
2025-04-15,1969893.33987085,0.0,1969893.33987085,-0.07400887032694714,0.0,0,0
2025-04-16,1969893.33987085,0.0,1969893.33987085,-0.07400887032694714,0.0,0,0
2025-04-17,1969893.33987085,0.0,1969893.33987085,-0.07400887032694714,0.0,0,0
2025-04-18,1969893.33987085,0.0,1969893.33987085,-0.07400887032694714,0.0,0,0
2025-04-21,1969893.33987085,0.0,1969893.33987085,-0.07400887032694714,0.0,0,0
2025-04-22,1969893.33987085,0.0,1969893.33987085,-0.07400887032694714,0.0,0,0
2025-04-23,1969893.33987085,0.0,1969893.33987085,-0.07400887032694714,0.0,0,0
2025-04-24,1969893.33987085,0.0,1969893.33987085,-0.07400887032694714,0.0,0,0
2025-04-25,1969893.33987085,0.0,1969893.33987085,-0.07400887032694714,0.0,0,0
2025-04-28,1969893.33987085,0.0,1969893.33987085,-0.07400887032694714,0.0,0,0
2025-04-29,1969893.33987085,0.0,1969893.33987085,-0.07400887032694714,0.0,0,0
2025-04-30,996296.93954815,986677.9999999999,1982974.93954815,-0.06785958040452533,0.49757461898375227,1,0
2025-05-06,996296.93954815,1010932.9999999999,2007229.93954815,-0.056457991092236814,0.5036458355277285,1,0
2025-05-07,996296.93954815,999382.9999999999,1995679.93954815,-0.061887319336183744,0.5007731852164001,1,0
2025-05-08,996296.93954815,977746.0,1974042.9395481502,-0.07205826091317757,0.4953012826680466,1,0
2025-05-09,40972.1475640001,1934733.0,1975705.147564,-0.0712769039497344,0.9792620130516348,2,0
2025-05-12,40972.1475640001,1975794.0,2016766.147564,-0.05197528948872099,0.9796842347768039,2,0
2025-05-13,40972.1475640001,2003283.0,2044255.147564,-0.03905348826812727,0.9799574198882054,2,0
2025-05-14,40972.1475640001,2022156.0,2063128.147564,-0.030181824896005183,0.9801407645897434,2,0
2025-05-15,40972.1475640001,1976333.0,2017305.147564,-0.05172192083733673,0.9796896629082239,2,0
2025-05-16,40972.1475640001,2002992.0,2043964.147564,-0.03919027913557216,0.979954566417992,2,0
2025-05-19,40972.1475640001,2010174.0,2051146.147564,-0.03581422411842694,0.9800247546413698,2,0
2025-05-20,40972.1475640001,2013975.0,2054947.147564,-0.03402748155087354,0.9800617025053079,2,0
2025-05-21,40972.1475640001,1954730.0,1995702.147564,-0.06187687997620994,0.9794698083509047,2,0
2025-05-22,40972.1475640001,1959530.0,2000502.147564,-0.05962053577093329,0.9795190684429449,2,0
2025-05-23,40972.1475640001,1926098.0,1967070.147564,-0.07533597316068519,0.9791709779060297,2,0
2025-05-26,925244.4518332002,1039875.0,1965119.4518332002,-0.0762529400374452,0.5291663054019095,1,0
2025-05-27,925244.4518332002,1007306.9999999999,1932551.4518332002,-0.09156223547024722,0.5212316593405458,1,0
2025-05-28,925244.4518332002,1068372.0,1993616.4518332002,-0.06285730653374344,0.5358964604337983,1,0
2025-05-29,925244.4518332002,1100586.0,2025830.4518332002,-0.047714416486080546,0.5432764617611832,1,0
2025-05-30,40881.39448480029,2006001.0,2046882.3944848003,-0.037818493816965004,0.9800274824802085,2,0
2025-06-03,40881.39448480029,1982577.0,2023458.3944848003,-0.04882945353871504,0.9797962762188598,2,0
2025-06-04,40881.39448480029,2097786.0,2138667.3944848003,0.0,0.9808846412536024,2,0
2025-06-05,40881.39448480029,2181816.0,2222697.3944848003,0.0,0.98160730534609,2,0
2025-06-06,40881.39448480029,2246730.0,2287611.3944848003,0.0,0.9821292223918096,2,0
2025-06-09,40881.39448480029,2351964.0,2392845.3944848003,0.0,0.9829151542431339,2,0
2025-06-10,40881.39448480029,2313177.0,2354058.3944848003,-0.01620957212254459,0.9826336531920452,2,0
2025-06-11,40881.39448480029,2285937.0,2326818.3944848003,-0.027593508612041462,0.9824303458397525,2,0
2025-06-12,40881.39448480029,2421495.0,2462376.3944848003,0.0,0.9833975851229056,2,0
2025-06-13,40881.39448480029,2391633.0,2432514.3944848003,-0.012127309239515327,0.9831937707840538,2,0
2025-06-16,40881.39448480029,2505516.0,2546397.3944848003,0.0,0.9839453988708343,2,0
2025-06-17,40881.39448480029,2486202.0,2527083.3944848003,-0.007584833397109136,0.9838226967206459,2,0
2025-06-18,40881.39448480029,2593221.0,2634102.3944848003,0.0,0.9844799524231114,2,0
2025-06-19,40881.39448480029,2595573.0,2636454.3944848003,0.0,0.9844937979696065,2,0
2025-06-20,40881.39448480029,2531520.0,2572401.3944848003,-0.024295129145413097,0.9841076923016565,2,0
2025-06-23,40881.39448480029,2449701.0,2490582.3944848003,-0.055328853897548824,0.9835856085005142,2,0
2025-06-24,40881.39448480029,2446980.0,2487861.3944848003,-0.05636092181637642,0.9835676559090358,2,0
2025-06-25,40881.39448480029,2504508.0,2545389.3944848003,-0.03454070747079829,0.9839390410860595,2,0
2025-06-26,40881.39448480029,2599260.0,2640141.3944848003,0.0,0.984515452630605,2,0
2025-06-27,40881.39448480029,2708739.0,2749620.3944848003,0.0,0.9851319860127601,2,0
2025-06-30,40881.39448480029,2830029.0,2870910.3944848003,0.0,0.9857601287161953,2,0
2025-07-01,40881.39448480029,2816994.0,2857875.3944848003,-0.004540371592593462,0.985695179515631,2,0
2025-07-02,40881.39448480029,2725524.0,2766405.3944848003,-0.036401345092748505,0.9852221968022825,2,0
2025-07-03,40881.39448480029,2836305.0,2877186.3944848003,0.0,0.9857911901143546,2,0
2025-07-04,40881.39448480029,2781396.0,2822277.3944848003,-0.019084269307422574,0.9855147496965786,2,0
2025-07-07,40881.39448480029,2719407.0,2760288.3944848003,-0.04062927595656596,0.9851894481147392,2,0
2025-07-08,40881.39448480029,2968797.0,3009678.3944848003,0.0,0.9864166900491046,2,0
2025-07-09,40881.39448480029,3000030.0,3040911.3944848003,0.0,0.9865562033280728,2,0
2025-07-10,40881.39448480029,3023643.0,3064524.3944848003,0.0,0.9866597914644196,2,0
2025-07-11,40881.39448480029,2954604.0,2995485.3944848003,-0.022528455026903704,0.9863523305571544,2,0
2025-07-14,40881.39448480029,2958330.0,2999211.3944848003,-0.021312605674649987,0.9863692854195018,2,0
2025-07-15,40881.39448480029,3444957.0,3485838.3944848003,0.0,0.9882721486602817,2,0
2025-07-16,40881.39448480029,3529641.0,3570522.3944848003,0.0,0.9885503044182141,2,0
2025-07-17,40881.39448480029,3742098.0,3782979.3944848003,0.0,0.9891933340836059,2,0
2025-07-18,40881.39448480029,3699798.0,3740679.3944848003,-0.01118166280833277,0.9890711311573306,2,0
2025-07-21,40881.39448480029,3617148.0,3658029.3944848003,-0.033029521699791564,0.9888242028490977,2,0
2025-07-22,40881.39448480029,3607614.0,3648495.3944848003,-0.03554975747318745,0.9887949990161429,2,0
2025-07-23,40881.39448480029,3586083.0,3626964.3944848003,-0.04124130314520191,0.9887284819925541,2,0
2025-07-24,40881.39448480029,3517623.0,3558504.3944848003,-0.05933815032861711,0.9885116358017821,2,0
2025-07-25,74792.73999940022,3480129.0,3554921.7399994005,-0.06028519605945637,0.9789607914126928,2,0
2025-07-28,74792.73999940022,3541896.0,3616688.7399994005,-0.043957589282097254,0.9793201059377278,2,0
2025-07-29,74792.73999940022,3748548.0,3823340.7399994005,0.0,0.980437856553844,2,0
2025-07-30,74792.73999940022,3720903.0,3795695.7399994005,-0.0072305875620189974,0.980295380577735,2,0
2025-07-31,74792.73999940022,3672870.0,3747662.7399994005,-0.019793684410145396,0.9800428306418489,2,0
2025-08-01,74792.73999940022,3594705.0,3669497.7399994005,-0.04023784707193634,0.979617717382921,2,0
2025-08-04,74792.73999940022,3612462.0,3687254.7399994005,-0.03559347943443336,0.9797158739297159,2,0
2025-08-05,74792.73999940022,3589251.0,3664043.7399994005,-0.04166434823175735,0.979587377960883,2,0
2025-08-06,74792.73999940022,3653907.0,3728699.7399994005,-0.024753482997179832,0.9799413347239881,2,0
2025-08-07,74792.73999940022,3619095.0,3693887.7399994005,-0.03385860921201078,0.9797522975077168,2,0
2025-08-08,74792.73999940022,3578703.0,3653495.7399994005,-0.044423192059001915,0.9795284447219822,2,0
2025-08-11,74792.73999940022,3719478.0,3794270.7399994005,-0.007603298261092073,0.980287980187884,2,0
2025-08-12,74792.73999940022,3892227.0,3967019.7399994005,0.0,0.9811463655586923,2,0
2025-08-13,74792.73999940022,4319973.0,4394765.7399994,0.0,0.9829814046016908,2,0
2025-08-14,74792.73999940022,4230465.0,4305257.7399994,-0.020366955896041095,0.9826275813165576,2,0
2025-08-15,74792.73999940022,4323066.0,4397858.7399994,0.0,0.9829933737254575,2,0
2025-08-18,74792.73999940022,4481325.0,4556117.7399994,0.0,0.9835841072888054,2,0
2025-08-19,74792.73999940022,4640670.0,4715462.7399994,0.0,0.9841388334245623,2,0
2025-08-20,74792.73999940022,4615515.0,4690307.7399994,-0.005334577195705514,0.9840537670137163,2,0
2025-08-21,74792.73999940022,4627857.0,4702649.7399994,-0.0027172306741631846,0.984095617548712,2,0
2025-08-22,74792.73999940022,4877955.0,4952747.7399994,0.0,0.984898738250818,2,0
2025-08-25,74792.73999940022,5157222.0,5232014.7399994,0.0,0.9857047918027446,2,0
2025-08-26,74792.73999940022,4961964.0,5036756.7399994,-0.03731984898804441,0.9851506149968622,2,0
2025-08-27,103503.79976485134,5016701.0,5120204.799764851,-0.021370341214780653,0.9797852226985911,2,0
2025-08-28,103503.79976485134,5591876.0,5695379.799764851,0.0,0.9818267080679809,2,0
2025-08-29,103503.79976485134,5885539.0,5989042.799764851,0.0,0.9827178059624294,2,0
2025-09-01,103503.79976485134,6366122.0,6469625.799764851,0.0,0.9840015786123808,2,0
2025-09-02,103503.79976485134,5854524.0,5958027.799764851,-0.07907690735661943,0.9826278420908113,2,0
2025-09-03,103503.79976485134,5951989.0,6055492.799764851,-0.06401189385869155,0.9829074522607193,2,0
2025-09-04,103503.79976485134,5303887.0,5407390.799764851,-0.16418801223999824,0.9808588275570258,2,0
2025-09-05,5459311.334775652,0.0,5459311.334775652,-0.156162735876613,0.0,0,0
2025-09-08,5459311.334775652,0.0,5459311.334775652,-0.156162735876613,0.0,0,0
2025-09-09,5459311.334775652,0.0,5459311.334775652,-0.156162735876613,0.0,0,0
2025-09-10,5459311.334775652,0.0,5459311.334775652,-0.156162735876613,0.0,0,0
2025-09-11,5459311.334775652,0.0,5459311.334775652,-0.156162735876613,0.0,0,0
2025-09-12,5459311.334775652,0.0,5459311.334775652,-0.156162735876613,0.0,0,0
2025-09-15,2732588.291694202,2688306.0,5420894.2916942015,-0.16210079848957681,0.49591559166150406,1,0
2025-09-16,2732588.291694202,2663208.0,5395796.2916942015,-0.1659801573237326,0.49357089408647625,1,0
2025-09-17,2732588.291694202,2627253.0,5359841.2916942015,-0.1715376657659221,0.49017365571463534,1,0
2025-09-18,2732588.291694202,2687460.0,5420048.2916942015,-0.16223156339409894,0.495836910552683,1,0
2025-09-19,111412.63483220199,5286453.0,5397865.6348322015,-0.1656603021725931,0.9793598725182672,2,0
2025-09-22,111412.63483220199,5458253.0,5569665.6348322015,-0.13910544331101193,0.9799965308266556,2,0
2025-09-23,111412.63483220199,5462629.0,5574041.6348322015,-0.13842905179542242,0.9800122349040266,2,0
2025-09-24,111412.63483220199,5710151.0,5821563.6348322015,-0.10016996113688748,0.9808620773007469,2,0
2025-09-25,111412.63483220199,5735082.0,5846494.6348322015,-0.096316415233057,0.9809436864666858,2,0
2025-09-26,111412.63483220199,5623863.0,5735275.6348322015,-0.11350736312436194,0.9805741446573978,2,0
2025-09-29,111412.63483220199,5755734.0,5867146.6348322015,-0.09312426770564497,0.9810107635335438,2,0
2025-09-30,111412.63483220199,6018299.0,6129711.6348322015,-0.052540003928048584,0.9818241637666775,2,0
2025-10-09,111412.63483220199,6491656.0,6603068.6348322015,0.0,0.9831271426977931,2,0
2025-10-10,111412.63483220199,6500111.0,6611523.6348322015,0.0,0.9831487201762035,2,0
2025-10-13,111412.63483220199,6360615.0,6472027.6348322015,-0.02109891875226433,0.9827855131160778,2,0
2025-10-14,111412.63483220199,5893141.0,6004553.6348322015,-0.09180485974552588,0.9814453094088625,2,0
2025-10-15,5990698.971507003,0.0,5990698.971507003,-0.09390039234745251,0.0,0,0
2025-10-16,5990698.971507003,0.0,5990698.971507003,-0.09390039234745251,0.0,0,0
2025-10-17,5990698.971507003,0.0,5990698.971507003,-0.09390039234745251,0.0,0,0
2025-10-20,5990698.971507003,0.0,5990698.971507003,-0.09390039234745251,0.0,0,0
2025-10-21,5990698.971507003,0.0,5990698.971507003,-0.09390039234745251,0.0,0,0
2025-10-22,5990698.971507003,0.0,5990698.971507003,-0.09390039234745251,0.0,0,0
2025-10-23,5990698.971507003,0.0,5990698.971507003,-0.09390039234745251,0.0,0,0
2025-10-24,5990698.971507003,0.0,5990698.971507003,-0.09390039234745251,0.0,0,0
2025-10-27,3018380.5724157025,2999206.0,6017586.572415702,-0.0898336140382826,0.49840678881932526,1,0
2025-10-28,134923.21864290256,6031499.0,6166422.218642903,-0.06732206383477524,0.9781196917987565,2,0
2025-10-29,134923.21864290256,6006350.0,6141273.218642903,-0.07112587690253847,0.9780300902045329,2,0
2025-10-30,134923.21864290256,5859619.0,5994542.218642903,-0.09331909711988162,0.9774923232297382,2,0
2025-10-31,134923.21864290256,5467551.0,5602474.218642903,-0.15261980020357413,0.9759172084730119,2,0
2025-11-03,134923.21864290256,5631831.0,5766754.218642903,-0.12777227502276622,0.9766032652810623,2,0
2025-11-04,134923.21864290256,5556568.0,5691491.218642903,-0.13915588402984647,0.976293872122485,2,0
2025-11-05,134923.21864290256,5471509.0,5606432.218642903,-0.1520211484829409,0.9759342103175267,2,0
2025-11-06,134923.21864290256,5695925.0,5830848.218642903,-0.11807798917580548,0.9768604474711734,2,0
2025-11-07,134923.21864290256,5579559.0,5714482.218642903,-0.13567847076327744,0.9763892486702068,2,0
2025-11-10,134923.21864290256,5554986.0,5689909.218642903,-0.13939516321682022,0.9762872809638459,2,0
2025-11-11,134923.21864290256,5401624.0,5536547.218642903,-0.16259132925516362,0.9756304401796515,2,0
2025-11-12,134923.21864290256,5450143.0,5585066.218642903,-0.15525277876668286,0.9758421452206726,2,0
2025-11-13,134923.21864290256,5606011.0,5740934.218642903,-0.1316775775560537,0.9764980378620682,2,0
2025-11-14,134923.21864290256,5234249.0,5369172.218642903,-0.18790697648634047,0.9748707597468339,2,0
2025-11-17,2663255.1226917026,2847517.0,5510772.122691702,-0.16648984000318656,0.5167183357618402,1,0
2025-11-18,2663255.1226917026,2786865.0,5450120.122691702,-0.17566351967975313,0.5113401057706641,1,0
2025-11-19,2663255.1226917026,2879318.0,5542573.122691702,-0.16167990484202954,0.5194912067486959,1,0
2025-11-20,2663255.1226917026,2899378.0,5562633.122691702,-0.15864580845094722,0.5212240203605267,1,0
2025-11-21,2663255.1226917026,2734414.0,5397669.122691702,-0.183596789361142,0.506591630173212,1,0
2025-11-24,2663255.1226917026,2691934.0,5355189.122691702,-0.19002193465990458,0.5026776717545582,1,0
2025-11-25,2663255.1226917026,2826631.0,5489886.122691702,-0.1696488697750781,0.5148797145930775,1,0
2025-11-26,2663255.1226917026,3201222.0000000005,5864477.122691703,-0.11299158157807276,0.5458665679866597,1,0
2025-11-27,2663255.1226917026,3087942.0,5751197.122691702,-0.13012530237477316,0.5369216067758024,1,0
2025-11-28,2663255.1226917026,3031951.0,5695206.122691702,-0.13859400083105888,0.5323689669316167,1,0
2025-12-01,2663255.1226917026,3170424.0,5833679.122691702,-0.11764981191967572,0.543469041289529,1,0
2025-12-02,2663255.1226917026,3194024.0,5857279.122691702,-0.11408028675369652,0.545308484211726,1,0
2025-12-03,2663255.1226917026,3086349.0,5749604.122691702,-0.13036624532347674,0.5367933050936927,1,0
2025-12-04,2663255.1226917026,3155733.0,5818988.122691702,-0.11987184133549778,0.5423164532152792,1,0
2025-12-05,129020.97646050295,5772526.0,5901546.976460503,-0.10738472666591581,0.9781377701516011,2,0
2025-12-08,129020.97646050295,6467359.0,6596379.976460503,-0.0022904944772359492,0.9804406391201052,2,0
2025-12-09,129020.97646050295,6721968.0,6850988.976460503,0.0,0.9811675399122944,2,0
2025-12-10,129020.97646050295,6718165.0,6847185.976460503,-0.0005551023382268649,0.9811570801634341,2,0
2025-12-11,129020.97646050295,6340468.0,6469488.976460503,-0.055685391015925734,0.9800570065224701,2,0
2025-12-12,129020.97646050295,6252657.0,6381677.976460503,-0.06850266459521659,0.9797825937102419,2,0
2025-12-15,125299.11896050295,6118256.0,6243555.118960503,-0.088663674629619,0.9799314466560898,3,0
2025-12-16,125299.11896050295,5870480.0,5995779.118960503,-0.12483013188875935,0.9791021122568928,3,0
2025-12-17,2762818.937741303,3480563.0,6243381.937741303,-0.08868895290984902,0.5574803903890556,2,0
2025-12-18,125062.02399410354,5932796.0,6057858.023994103,-0.11576882625144203,0.9793554052441054,2,0
2025-12-19,125062.02399410354,5912679.0,6037741.023994103,-0.11870519063169727,0.9792866200293944,2,0
2025-12-22,125062.02399410354,6335685.0,6460747.023994103,-0.056961404230432056,0.9806427919976368,2,0
2025-12-23,125062.02399410354,6396178.0,6521240.023994103,-0.04813158415513341,0.9808223553290552,2,0
2025-12-24,125062.02399410354,6449956.0,6575018.023994103,-0.040281914540311825,0.9809792119903373,2,0
2025-12-25,125062.02399410354,6479660.0,6604722.023994103,-0.03594619015043754,0.981064755861069,2,0
2025-12-26,125062.02399410354,6373502.0,6498564.023994103,-0.05144147124996212,0.9807554371192856,2,0
2025-12-29,125062.02399410354,6275026.0,6400088.023994103,-0.06581545438412806,0.9804593275084277,2,0
2025-12-30,125062.02399410354,6372187.0,6497249.023994103,-0.05163341434088198,0.9807515421477223,2,0
2025-12-31,125062.02399410354,6220196.0,6345258.023994103,-0.07381867847168555,0.9802904746314192,2,0
2026-01-05,125062.02399410354,6401142.0,6526204.023994103,-0.047407017232451776,0.9808369423428531,2,0
2026-01-06,125062.02399410354,6379503.0,6504565.023994103,-0.05056553931945995,0.9807731918225472,2,0
2026-01-07,125062.02399410354,6781455.0,6906517.023994103,0.0,0.9818921717618849,2,0
2026-01-08,125062.02399410354,6688776.0,6813838.023994103,-0.013419064874237163,0.9816458765891246,2,0
2026-01-09,125062.02399410354,6579513.0,6704575.023994103,-0.029239340075240317,0.9813467634344406,2,0
2026-01-12,125062.02399410354,6629799.0,6754861.023994103,-0.02195839081741613,0.9814856258996496,2,0
2026-01-13,125062.02399410354,6486971.0,6612033.023994103,-0.04263856861235926,0.9810856927755395,2,0
2026-01-14,125062.02399410354,6559685.0,6684747.023994103,-0.0321102516984384,0.9812914350318407,2,0
2026-01-15,125062.02399410354,6941990.0,7067052.023994103,0.0,0.9823035087941208,2,0
2026-01-16,125062.02399410354,6996785.0,7121847.023994103,0.0,0.9824396643774068,2,0
2026-01-19,125062.02399410354,6877268.0,7002330.023994103,-0.016781742095461682,0.9821399414815402,2,0
2026-01-20,125062.02399410354,6727836.0,6852898.023994103,-0.03776393948000967,0.9817504910249325,2,0
2026-01-21,125062.02399410354,6672499.0,6797561.023994103,-0.045533974389993626,0.9816019269922465,2,0
2026-01-22,125062.02399410354,6893167.0,7018229.023994103,-0.014549315599015622,0.9821804014137273,2,0
2026-01-23,125062.02399410354,6755796.0,6880858.023994103,-0.033837991631677555,0.9818246469324027,2,0
2026-01-26,125062.02399410354,6617695.0,6742757.023994103,-0.05322916916395615,0.9814523905356415,2,0
2026-01-27,125062.02399410354,6892762.0,7017824.023994103,-0.014606182869350892,0.9821793730412001,2,0
2026-01-28,125062.02399410354,6955378.0,7080440.023994103,-0.005814081636476676,0.9823369700795015,2,0
2026-01-29,125062.02399410354,6675533.0,6800595.023994103,-0.04510796130802519,0.9816101350612917,2,0
2026-01-30,3149892.8384009036,3824557.0,6974449.838400904,-0.020696482962440088,0.5483668373299092,1,0
2026-02-02,137425.33969205339,6356784.0,6494209.339692053,-0.08812849843411208,0.9788387881412874,2,0
2026-02-03,137425.33969205339,6728857.0,6866282.339692053,-0.03588460738359456,0.9799854808041265,2,0
2026-02-04,137425.33969205339,6513641.0,6651066.339692053,-0.06610373442675055,0.9793378485985127,2,0
2026-02-05,137425.33969205339,6347425.0,6484850.339692053,-0.08944262382440316,0.9788082480715231,2,0
2026-02-06,137425.33969205339,6230874.0,6368299.339692053,-0.10580790092279213,0.9784204020003402,2,0
2026-02-09,3439134.8542944533,3589898.0,7029032.854294453,-0.013032317232727908,0.5107243164764437,1,0
2026-02-10,3439134.8542944533,3469063.0,6908197.854294453,-0.029999123679552264,0.502166132639567,1,0
2026-02-11,3439134.8542944533,3476668.0,6915802.854294453,-0.028931282714367512,0.5027135783434197,1,0
2026-02-12,3439134.8542944533,3976739.0,7415873.854294453,0.0,0.5362468507601587,1,0
2026-02-13,3439134.8542944533,3754842.0,7193976.854294453,-0.02992189516162036,0.5219424632647438,1,0
2026-02-24,3439134.8542944533,4230070.0,7669204.854294453,0.0,0.5515656551580217,1,0
2026-02-25,3439134.8542944533,4115488.0,7554622.854294453,-0.014940531929570011,0.544764190003282,1,0
2026-02-26,3439134.8542944533,4362735.0,7801869.854294453,0.0,0.559190948000572,1,0
2026-02-27,3439134.8542944533,4443179.0,7882313.854294453,0.0,0.5636896832748244,1,0
2026-03-02,3439134.8542944533,4217902.0,7657036.854294453,-0.02858005963277699,0.5508530362674678,1,0
2026-03-03,3439134.8542944533,4031833.0,7470967.854294453,-0.052185945345970985,0.5396667578595492,1,0
2026-03-04,3439134.8542944533,4043832.0,7482966.854294453,-0.050663676603339924,0.5404049060673384,1,0
2026-03-05,3439134.8542944533,4034706.0,7473840.854294453,-0.05182145846393249,0.5398437133808739,1,0
2026-03-06,3439134.8542944533,3891056.0,7330190.854294453,-0.07004580256585335,0.5308260149489004,1,0
2026-03-09,7131036.615176854,0.0,7131036.615176854,-0.09531176416025189,0.0,0,0
2026-03-10,7131036.615176854,0.0,7131036.615176854,-0.09531176416025189,0.0,0,0
2026-03-11,7131036.615176854,0.0,7131036.615176854,-0.09531176416025189,0.0,0,0
2026-03-12,7131036.615176854,0.0,7131036.615176854,-0.09531176416025189,0.0,0,0
2026-03-13,7131036.615176854,0.0,7131036.615176854,-0.09531176416025189,0.0,0,0
2026-03-16,7131036.615176854,0.0,7131036.615176854,-0.09531176416025189,0.0,0,0
2026-03-17,7131036.615176854,0.0,7131036.615176854,-0.09531176416025189,0.0,0,0
2026-03-18,7131036.615176854,0.0,7131036.615176854,-0.09531176416025189,0.0,0,0
2026-03-19,7131036.615176854,0.0,7131036.615176854,-0.09531176416025189,0.0,0,0
2026-03-20,3589395.0363553534,3607286.0,7196681.036355354,-0.08698369928083383,0.5012430010135412,1,0
2026-03-23,166920.73299465328,6955354.0,7122274.732994653,-0.09642335174026517,0.9765635644155404,2,0
2026-03-24,166920.73299465328,7033194.0,7200114.732994653,-0.08654807889032778,0.9768169342872085,2,0
2026-03-25,166920.73299465328,7241248.0,7408168.732994653,-0.06015303755527002,0.9774680168593868,2,0
2026-03-26,166920.73299465328,7013832.0,7180752.732994653,-0.08900446420533914,0.9767544240553399,2,0
2026-03-27,166920.73299465328,6847378.0,7014298.732994653,-0.1101218674294333,0.9762027909918531,2,0
2026-03-30,140794.84507890328,6904668.0,7045462.845078903,-0.10616819181332338,0.9800162390782821,3,0
2026-03-31,140794.84507890328,6671852.0,6812646.845078903,-0.1357046964874118,0.9793333122528425,3,0
2026-04-01,140794.84507890328,6993890.0,7134684.845078903,-0.09484892672831413,0.9802661437560181,3,0
2026-04-02,140794.84507890328,6779065.0,6919859.845078903,-0.1221029797857115,0.9796535120318903,3,0
2026-04-03,140794.84507890328,6981259.0,7122053.845078903,-0.09645137497301548,0.9802311456580481,3,0
2026-04-07,140794.84507890328,7082292.0,7223086.845078903,-0.08363369200991522,0.9805076627072777,3,0
2026-04-08,140794.84507890328,7804519.0,7945313.845078903,0.0,0.9822795111905985,3,0
2026-04-09,140794.84507890328,7746135.0,7886929.845078903,-0.007348230811066281,0.9821483330212766,3,0
2026-04-10,140794.84507890328,8232837.0,8373631.845078903,0.0,0.9831859284377725,3,0
2026-04-13,140794.84507890328,8178114.0,8318908.845078903,-0.006535157147153581,0.9830753230140042,3,0
2026-04-14,140794.84507890328,8436687.0,8577481.845078904,0.0,0.983585526892175,3,0
2026-04-15,140794.84507890328,8302451.0,8443245.845078904,-0.01564981452884262,0.983324559338638,3,0
2026-04-16,140794.84507890328,8780388.0,8921182.845078904,0.0,0.9842179173407964,3,0
2026-04-17,140794.84507890328,9410214.0,9551008.845078904,0.0,0.9852586415359202,3,0
2026-04-20,140794.84507890328,9358864.0,9499658.845078904,-0.005376395397901579,0.9851789577525892,3,0
2026-04-21,140794.84507890328,9410800.0,9551594.845078904,0.0,0.9852595459331649,3,0
2026-04-22,140794.84507890328,9872293.0,10013087.845078904,0.0,0.9859389184178485,3,0
2026-04-23,140794.84507890328,9823944.0,9964738.845078904,-0.004828580428739793,0.985870693927073,3,0
2026-04-24,140794.84507890328,9229579.0,9370373.845078904,-0.06418739253504824,0.9849744687451455,3,0
2026-04-27,190249.25798655348,9025444.0,9215693.257986553,-0.07963523334954503,0.9793559472238642,2,0
2026-04-28,190249.25798655348,9048502.0,9238751.257986553,-0.07733244720038202,0.9794074704823241,2,0
2026-04-29,184400.33748655347,9159470.0,9343870.337486554,-0.06683427909016582,0.9802651009885315,2,0
2026-04-30,184400.33748655347,9477067.0,9661467.337486554,-0.03511609136288163,0.9809138373038763,2,0
2026-05-06,184400.33748655347,9635380.0,9819780.337486554,-0.01930548404080512,0.9812215415061155,2,0
2026-05-07,184400.33748655347,10057782.0,10242182.337486554,0.0,0.981995991536721,2,0
2026-05-08,184400.33748655347,9773953.0,9958353.337486554,-0.027711769879469994,0.9814828484954023,2,0
2026-05-11,184400.33748655347,10361201.0,10545601.337486554,0.0,0.9825140045043175,2,0
2026-05-12,184400.33748655347,10590105.0,10774505.337486554,0.0,0.9828854938848106,2,0
2026-05-13,184400.33748655347,11384950.0,11569350.337486554,0.0,0.9840613057684781,2,0
2026-05-14,184400.33748655347,11270020.0,11454420.337486554,-0.00993400637437769,0.9839013819945936,2,0
2026-05-15,184400.33748655347,11121326.0,11305726.337486554,-0.02278641343808352,0.9836896514224712,2,0
2026-05-18,184400.33748655347,11307088.0,11491488.337486554,-0.006730023530164386,0.9839533111751052,2,0
2026-05-19,184400.33748655347,11535316.0,11719716.337486554,0.0,0.984265801989018,2,0
2026-05-20,184400.33748655347,11563625.0,11748025.337486554,0.0,0.9843037163957968,2,0
2026-05-21,184400.33748655347,11031319.0,11215719.337486554,-0.04531025297515101,0.9835587596356634,2,0
2026-05-22,184400.33748655347,11291677.0,11476077.337486554,-0.023148400874847153,0.9839317623902541,2,0
2026-05-25,184400.33748655347,11899993.0,12084393.337486554,0.0,0.9847406210360158,2,0
2026-05-26,184400.33748655347,12142358.0,12326758.337486554,0.0,0.9850406463371818,2,0
2026-05-27,184400.33748655347,11746259.0,11930659.337486554,-0.032133265628761065,0.9845439944037995,2,0
2026-05-28,184400.33748655347,12332523.0,12516923.337486554,0.0,0.9852679182803414,2,0
2026-05-29,184400.33748655347,11583166.0,11767566.337486554,-0.05986750735748081,0.9843297813500204,2,0
2026-06-01,266252.44003495574,11049554.0,11315806.440034956,-0.09595943548319175,0.9764707498801886,2,0
2026-06-02,266252.44003495574,11702787.0,11969039.440034956,-0.04377145107302505,0.9777549032761664,2,0
2026-06-03,266252.44003495574,12608649.0,12874901.440034956,0.0,0.9793200405241912,2,0
2026-06-04,266252.44003495574,12460220.0,12726472.440034956,-0.01152855427214805,0.9790788499099422,2,0
2026-06-05,266252.44003495574,11634231.0,11900483.440034956,-0.07568353082455548,0.9776267542930867,2,0
2026-06-08,266252.44003495574,11154953.0,11421205.440034956,-0.1129092915212292,0.9766878862802295,2,0
2026-06-09,6875278.173285356,4653285.0,11528563.173285356,-0.10457076297012369,0.4036309581737694,1,0
2026-06-10,6875278.173285356,4309011.0,11184289.173285356,-0.1313106958234711,0.38527356841706545,1,0
2026-06-11,11193810.505346157,0.0,11193810.505346157,-0.13057116922552803,0.0,0,0
2026-06-12,5602941.548186308,5306301.0,10909242.548186308,-0.1526737040282392,0.48640416386032115,1,0
2026-06-15,5602941.548186308,5539317.000000001,11142258.54818631,-0.13457523538478766,0.4971448989488462,1,0
2026-06-16,5602941.548186308,5496624.0,11099565.548186308,-0.13789122193418735,0.49521073380193337,1,0
2026-06-17,5602941.548186308,5902007.999999999,11504949.548186306,-0.10640484497914182,0.5129972952319829,1,0
2026-06-18,234529.4475683086,11670820.0,11905349.447568309,-0.0753055855986432,0.9803004986454882,3,0
2026-06-22,234529.4475683086,12816262.0,13050791.447568309,0.0,0.9820294846860029,3,0
2026-06-23,234529.4475683086,12064238.0,12298767.447568309,-0.05762286548070772,0.9809306543466126,3,0
2026-06-24,234529.4475683086,13269845.0,13504374.447568309,0.0,0.9826330757874876,3,0
2026-06-25,234529.4475683086,14219077.0,14453606.447568309,0.0,0.983773638197561,3,0
2026-06-26,234529.4475683086,14474154.0,14708683.447568309,0.0,0.984055034673611,3,0
2026-06-29,234529.4475683086,15858454.0,16092983.447568309,0.0,0.985426602324397,3,0
2026-06-30,234529.4475683086,16313744.0,16548273.447568309,0.0,0.9858275578832201,3,0
