date,nav,cash,position_value,close,peak,drawdown,daily_return,month
2024-04-19,1999810.328,1407085.328,592725.0,169.18521118164062,1999810.328,0.0,,2024-04
2024-04-22,1956426.8196992187,1407085.328,549341.4916992188,156.9547119140625,1999810.328,-0.021693811504698485,-0.021693811504698512,2024-04
2024-04-23,1953478.1273774414,1407085.328,546392.7993774414,156.1122283935547,1999810.328,-0.023168297499941003,-0.0015071825289282303,2024-04
2024-04-24,1990804.0551118164,1407085.328,583718.7271118164,166.7767791748047,1999810.328,-0.00450356354404406,0.019107420355141347,2024-04
2024-04-25,1976511.9255952148,1407085.328,569426.5975952148,162.6933135986328,1999810.328,-0.01165030607081911,-0.007179073942462311,2024-04
2024-04-26,2048353.7300996094,1407085.328,641268.4020996094,183.21954345703125,2048353.7300996094,0.0,0.036347771836873655,2024-04
2024-04-29,2058205.544369629,1407085.328,651120.2163696289,186.0343475341797,2058205.544369629,0.0,0.00480962546910324,2024-04
2024-04-30,2053383.698361328,1407085.328,646298.3703613281,184.65667724609375,2058205.544369629,-0.0023427426971476643,-0.002342742697147626,2024-04
2024-05-07,1860016.6684,1860016.6684,0.0,125.15797424316406,2058205.544369629,-0.09629207175725908,-0.0941699450110769,2024-05
2024-05-08,1860016.6684,1860016.6684,0.0,123.7491455078125,2058205.544369629,-0.09629207175725908,0.0,2024-05
2024-05-09,1860016.6684,1860016.6684,0.0,122.60227966308594,2058205.544369629,-0.09629207175725908,0.0,2024-05
2024-05-10,1860016.6684,1860016.6684,0.0,121.20054626464844,2058205.544369629,-0.09629207175725908,0.0,2024-05
2024-05-13,1860016.6684,1860016.6684,0.0,121.44831848144531,2058205.544369629,-0.09629207175725908,0.0,2024-05
2024-05-14,1860016.6684,1860016.6684,0.0,117.11568450927734,2058205.544369629,-0.09629207175725908,0.0,2024-05
2024-05-15,1860016.6684,1860016.6684,0.0,118.06433868408203,2058205.544369629,-0.09629207175725908,0.0,2024-05
2024-05-16,1860016.6684,1860016.6684,0.0,120.70498657226562,2058205.544369629,-0.09629207175725908,0.0,2024-05
2024-05-17,1860016.6684,1860016.6684,0.0,120.7616195678711,2058205.544369629,-0.09629207175725908,0.0,2024-05
2024-05-20,1860016.6684,1860016.6684,0.0,125.20751953125,2058205.544369629,-0.09629207175725908,0.0,2024-05
2024-05-21,1860016.6684,1860016.6684,0.0,125.6110610961914,2058205.544369629,-0.09629207175725908,0.0,2024-05
2024-05-22,1860016.6684,1860016.6684,0.0,122.59520721435547,2058205.544369629,-0.09629207175725908,0.0,2024-05
2024-05-23,1860016.6684,1860016.6684,0.0,123.03413391113281,2058205.544369629,-0.09629207175725908,0.0,2024-05
2024-05-24,1860016.6684,1860016.6684,0.0,117.08736419677734,2058205.544369629,-0.09629207175725908,0.0,2024-05
2024-05-27,1860016.6684,1860016.6684,0.0,119.21121215820312,2058205.544369629,-0.09629207175725908,0.0,2024-05
2024-05-28,1860016.6684,1860016.6684,0.0,113.98656463623047,2058205.544369629,-0.09629207175725908,0.0,2024-05
2024-05-29,1860016.6684,1860016.6684,0.0,113.97948455810547,2058205.544369629,-0.09629207175725908,0.0,2024-05
2024-05-30,1860016.6684,1860016.6684,0.0,113.25029754638672,2058205.544369629,-0.09629207175725908,0.0,2024-05
2024-05-31,1860016.6684,1860016.6684,0.0,111.3388442993164,2058205.544369629,-0.09629207175725908,0.0,2024-05
2024-06-03,1860016.6684,1860016.6684,0.0,119.18289184570312,2058205.544369629,-0.09629207175725908,0.0,2024-06
2024-06-04,1860016.6684,1860016.6684,0.0,122.474853515625,2058205.544369629,-0.09629207175725908,0.0,2024-06
2024-06-05,1860016.6684,1860016.6684,0.0,118.19884490966797,2058205.544369629,-0.09629207175725908,0.0,2024-06
2024-06-06,1860016.6684,1860016.6684,0.0,124.64292907714844,2058205.544369629,-0.09629207175725908,0.0,2024-06
2024-06-07,1860016.6684,1860016.6684,0.0,118.76954650878906,2058205.544369629,-0.09629207175725908,0.0,2024-06
2024-06-11,1860016.6684,1860016.6684,0.0,118.27265167236328,2058205.544369629,-0.09629207175725908,0.0,2024-06
2024-06-12,1860016.6684,1860016.6684,0.0,118.4714126586914,2058205.544369629,-0.09629207175725908,0.0,2024-06
2024-06-13,1860016.6684,1860016.6684,0.0,122.93358612060547,2058205.544369629,-0.09629207175725908,0.0,2024-06
2024-06-14,1860016.6684,1860016.6684,0.0,137.44313049316406,2058205.544369629,-0.09629207175725908,0.0,2024-06
2024-06-17,1860016.6684,1860016.6684,0.0,141.62705993652344,2058205.544369629,-0.09629207175725908,0.0,2024-06
2024-06-18,1860016.6684,1860016.6684,0.0,145.9998016357422,2058205.544369629,-0.09629207175725908,0.0,2024-06
2024-06-19,1860016.6684,1860016.6684,0.0,145.0954132080078,2058205.544369629,-0.09629207175725908,0.0,2024-06
2024-06-20,1860016.6684,1860016.6684,0.0,143.80348205566406,2058205.544369629,-0.09629207175725908,0.0,2024-06
2024-06-21,1860016.6684,1860016.6684,0.0,142.114013671875,2058205.544369629,-0.09629207175725908,0.0,2024-06
2024-06-24,1860016.6684,1860016.6684,0.0,139.34130859375,2058205.544369629,-0.09629207175725908,0.0,2024-06
2024-06-25,1860016.6684,1860016.6684,0.0,134.064208984375,2058205.544369629,-0.09629207175725908,0.0,2024-06
2024-06-26,1860016.6684,1860016.6684,0.0,139.13259887695312,2058205.544369629,-0.09629207175725908,0.0,2024-06
2024-06-27,1860016.6684,1860016.6684,0.0,135.29652404785156,2058205.544369629,-0.09629207175725908,0.0,2024-06
2024-06-28,1860016.6684,1860016.6684,0.0,137.02574157714844,2058205.544369629,-0.09629207175725908,0.0,2024-06
2024-07-01,1859910.574,1528365.574,331545.0,144.00222778320312,2058205.544369629,-0.09634361879554702,-5.703948884039356e-05,2024-07
2024-07-02,1861193.570826172,1528365.574,332827.9968261719,144.70782470703125,2058205.544369629,-0.09572026179911797,0.0006898164052115963,2024-07
2024-07-03,1856370.6811166992,1528365.574,328005.1071166992,142.6109161376953,2058205.544369629,-0.0980635115890459,-0.002591288614505527,2024-07
2024-07-04,1855250.6524301758,1528365.574,326885.0784301758,142.1239471435547,2058205.544369629,-0.09860768886501689,-0.000603343231993736,2024-07
2024-07-05,1851799.1784311524,1528365.574,323433.60443115234,140.62330627441406,2058205.544369629,-0.10028462244848002,-0.001860381503977604,2024-07
2024-07-08,1858405.010340332,1528365.574,330039.43634033203,143.4954071044922,2058205.544369629,-0.09707511214118811,0.003567250696577151,2024-07
2024-07-09,1881125.371668457,1528365.574,352759.79766845703,153.3738250732422,2058205.544369629,-0.08603619458007367,0.012225731851618349,2024-07
2024-07-10,1888743.41208,1355929.41208,532814.0,156.55398559570312,2058205.544369629,-0.08233489252480393,0.004049724981799674,2024-07
2024-07-11,1873784.9082958202,1355929.41208,517855.4962158203,152.31044006347656,2058205.544369629,-0.08960263302093648,-0.007919817847415578,2024-07
2024-07-12,1863175.0572216015,1355929.41208,507245.64514160156,149.1898956298828,2058205.544369629,-0.0947575365742977,-0.00566225665883302,2024-07
2024-07-15,1861350.4417430859,1355929.41208,505421.02966308594,148.6532440185547,2058205.544369629,-0.09564404447605075,-0.0009793043715583538,2024-07
2024-07-16,1856417.235566328,1355929.41208,500487.8234863281,147.20230102539062,2058205.544369629,-0.09804089263839924,-0.0026503371241247686,2024-07
2024-07-17,1834758.2145702343,1355929.41208,478828.8024902344,140.83200073242188,2058205.544369629,-0.10856414725470497,-0.011667108331649523,2024-07
2024-07-18,1828980.2482616405,1355929.41208,473050.8361816406,139.13259887695312,2058205.544369629,-0.11137143067904506,-0.0031491704262227582,2024-07
2024-07-19,1812018.016816328,1355929.41208,456088.6047363281,134.14370727539062,2058205.544369629,-0.11961270254409952,-0.00927414687033079,2024-07
2024-07-22,1810734.0415966015,1355929.41208,454804.62951660156,133.7660675048828,2058205.544369629,-0.1202365349029419,-0.0007085885503403944,2024-07
2024-07-24,1797278.0618399999,1797278.0618399999,0.0,129.53245544433594,2058205.544369629,-0.12677425888945598,-0.007431229240455917,2024-07
2024-07-25,1797278.0618399999,1797278.0618399999,0.0,121.51244354248047,2058205.544369629,-0.12677425888945598,0.0,2024-07
2024-07-26,1797278.0618399999,1797278.0618399999,0.0,123.48018646240234,2058205.544369629,-0.12677425888945598,0.0,2024-07
2024-07-29,1797278.0618399999,1797278.0618399999,0.0,128.78709411621094,2058205.544369629,-0.12677425888945598,0.0,2024-07
2024-07-30,1797278.0618399999,1797278.0618399999,0.0,126.86906433105469,2058205.544369629,-0.12677425888945598,0.0,2024-07
2024-07-31,1797278.0618399999,1797278.0618399999,0.0,128.69764709472656,2058205.544369629,-0.12677425888945598,0.0,2024-07
2024-08-01,1797278.0618399999,1797278.0618399999,0.0,129.09518432617188,2058205.544369629,-0.12677425888945598,0.0,2024-08
2024-08-02,1797278.0618399999,1797278.0618399999,0.0,118.24283599853516,2058205.544369629,-0.12677425888945598,0.0,2024-08
2024-08-05,1797278.0618399999,1797278.0618399999,0.0,109.43772888183594,2058205.544369629,-0.12677425888945598,0.0,2024-08
2024-08-06,1797278.0618399999,1797278.0618399999,0.0,113.77072143554688,2058205.544369629,-0.12677425888945598,0.0,2024-08
2024-08-07,1797278.0618399999,1797278.0618399999,0.0,112.61790466308594,2058205.544369629,-0.12677425888945598,0.0,2024-08
2024-08-08,1797278.0618399999,1797278.0618399999,0.0,109.81537628173828,2058205.544369629,-0.12677425888945598,0.0,2024-08
2024-08-09,1797278.0618399999,1797278.0618399999,0.0,111.83279418945312,2058205.544369629,-0.12677425888945598,0.0,2024-08
2024-08-12,1797278.0618399999,1797278.0618399999,0.0,112.64771270751953,2058205.544369629,-0.12677425888945598,0.0,2024-08
2024-08-13,1797278.0618399999,1797278.0618399999,0.0,116.2154769897461,2058205.544369629,-0.12677425888945598,0.0,2024-08
2024-08-14,1797278.0618399999,1797278.0618399999,0.0,115.06266021728516,2058205.544369629,-0.12677425888945598,0.0,2024-08
2024-08-15,1797278.0618399999,1797278.0618399999,0.0,114.38687133789062,2058205.544369629,-0.12677425888945598,0.0,2024-08
2024-08-16,1797278.0618399999,1797278.0618399999,0.0,119.21675872802734,2058205.544369629,-0.12677425888945598,0.0,2024-08
2024-08-19,1797278.0618399999,1797278.0618399999,0.0,120.88636016845703,2058205.544369629,-0.12677425888945598,0.0,2024-08
2024-08-20,1797278.0618399999,1797278.0618399999,0.0,120.93605041503906,2058205.544369629,-0.12677425888945598,0.0,2024-08
2024-08-21,1797278.0618399999,1797278.0618399999,0.0,121.46276092529297,2058205.544369629,-0.12677425888945598,0.0,2024-08
2024-08-22,1797278.0618399999,1797278.0618399999,0.0,120.63790130615234,2058205.544369629,-0.12677425888945598,0.0,2024-08
2024-08-23,1797278.0618399999,1797278.0618399999,0.0,119.17700958251953,2058205.544369629,-0.12677425888945598,0.0,2024-08
2024-08-26,1797278.0618399999,1797278.0618399999,0.0,113.63157653808594,2058205.544369629,-0.12677425888945598,0.0,2024-08
2024-08-27,1797278.0618399999,1797278.0618399999,0.0,112.54833984375,2058205.544369629,-0.12677425888945598,0.0,2024-08
2024-08-28,1797278.0618399999,1797278.0618399999,0.0,111.86260986328125,2058205.544369629,-0.12677425888945598,0.0,2024-08
2024-08-29,1797278.0618399999,1797278.0618399999,0.0,105.97928619384766,2058205.544369629,-0.12677425888945598,0.0,2024-08
2024-08-30,1797278.0618399999,1797278.0618399999,0.0,108.22528839111328,2058205.544369629,-0.12677425888945598,0.0,2024-08
2024-09-02,1797278.0618399999,1797278.0618399999,0.0,103.4848403930664,2058205.544369629,-0.12677425888945598,0.0,2024-09
2024-09-03,1797278.0618399999,1797278.0618399999,0.0,104.65752410888672,2058205.544369629,-0.12677425888945598,0.0,2024-09
2024-09-04,1797278.0618399999,1797278.0618399999,0.0,101.26866149902344,2058205.544369629,-0.12677425888945598,0.0,2024-09
2024-09-05,1797278.0618399999,1797278.0618399999,0.0,101.04007720947266,2058205.544369629,-0.12677425888945598,0.0,2024-09
2024-09-06,1797278.0618399999,1797278.0618399999,0.0,98.80401611328125,2058205.544369629,-0.12677425888945598,0.0,2024-09
2024-09-09,1797278.0618399999,1797278.0618399999,0.0,101.36803436279297,2058205.544369629,-0.12677425888945598,0.0,2024-09
2024-09-10,1797278.0618399999,1797278.0618399999,0.0,105.77059936523438,2058205.544369629,-0.12677425888945598,0.0,2024-09
2024-09-11,1797278.0618399999,1797278.0618399999,0.0,105.52214050292969,2058205.544369629,-0.12677425888945598,0.0,2024-09
2024-09-12,1797278.0618399999,1797278.0618399999,0.0,107.33086395263672,2058205.544369629,-0.12677425888945598,0.0,2024-09
2024-09-13,1797278.0618399999,1797278.0618399999,0.0,115.22167205810547,2058205.544369629,-0.12677425888945598,0.0,2024-09
2024-09-18,1797278.0618399999,1797278.0618399999,0.0,112.9359130859375,2058205.544369629,-0.12677425888945598,0.0,2024-09
2024-09-19,1797278.0618399999,1797278.0618399999,0.0,109.34828186035156,2058205.544369629,-0.12677425888945598,0.0,2024-09
2024-09-20,1797278.0618399999,1797278.0618399999,0.0,108.32466888427734,2058205.544369629,-0.12677425888945598,0.0,2024-09
2024-09-23,1797278.0618399999,1797278.0618399999,0.0,108.22528839111328,2058205.544369629,-0.12677425888945598,0.0,2024-09
2024-09-24,1797278.0618399999,1797278.0618399999,0.0,121.40312957763672,2058205.544369629,-0.12677425888945598,0.0,2024-09
2024-09-25,1797278.0618399999,1797278.0618399999,0.0,121.23418426513672,2058205.544369629,-0.12677425888945598,0.0,2024-09
2024-09-26,1797278.0618399999,1797278.0618399999,0.0,128.8765411376953,2058205.544369629,-0.12677425888945598,0.0,2024-09
2024-09-27,1797278.0618399999,1797278.0618399999,0.0,132.7722625732422,2058205.544369629,-0.12677425888945598,0.0,2024-09
2024-09-30,1797174.54024,1473669.54024,323505.0,153.90054321289062,2058205.544369629,-0.12682455590681804,-5.7599100661054337e-05,2024-09
2024-10-08,1861494.7050349219,1473669.54024,387825.1647949219,184.67864990234375,2058205.544369629,-0.09557395269526109,0.035789603822415916,2024-10
2024-10-09,1820944.4792048438,1473669.54024,347274.93896484375,165.3690185546875,2058205.544369629,-0.11527569042549227,-0.021783691202773237,2024-10
2024-10-11,1812282.9660800002,1272328.9660800002,539954.0,158.65090942382812,2058205.544369629,-0.11948397426212744,-0.004756604731093073,2024-10
2024-10-14,1819716.4111483595,1272328.9660800002,547387.4450683594,160.99630737304688,2058205.544369629,-0.11587235972309654,0.0041017022217220145,2024-10
2024-10-15,1805524.8248446486,1272328.9660800002,533195.8587646484,156.8223114013672,2058205.544369629,-0.12276748559744521,-0.007798790084414975,2024-10
2024-10-16,1774776.5521395705,1272328.9660800002,502447.5860595703,147.77870178222656,2058205.544369629,-0.13770684517170748,-0.017030102428928773,2024-10
2024-10-17,1780858.638321211,1272328.9660800002,508529.67224121094,149.5675506591797,2058205.544369629,-0.13475180202828646,0.003426958832822402,2024-10
2024-10-18,1839989.9798739455,1272328.9660800002,567661.0137939453,166.95912170410156,2058205.544369629,-0.10602224111805936,0.03320383790174186,2024-10
2024-10-21,1829751.8481600783,1272328.9660800002,557422.8820800781,163.94790649414062,2058205.544369629,-0.11099654105708845,-0.005564232319661078,2024-10
2024-10-22,1846747.9052889845,1272328.9660800002,574418.9392089844,168.94674682617188,2058205.544369629,-0.10273883464122527,0.009288722482230005,2024-10
2024-10-23,1799983.378921797,1272328.9660800002,527654.4128417969,155.19247436523438,2058205.544369629,-0.12545985319795555,-0.025322636746063942,2024-10
2024-10-24,1803159.6209872267,1272328.9660800002,530830.6549072266,156.1266632080078,2058205.544369629,-0.12391664383574268,0.0017645952193916514,2024-10
2024-10-25,1800659.2181551955,1272328.9660800002,528330.2520751953,155.39125061035156,2058205.544369629,-0.1251314898645425,-0.0013866785851506247,2024-10
2024-10-28,1780993.7854159377,1272328.9660800002,508664.8193359375,149.6072998046875,2058205.544369629,-0.13468613944415037,-0.010921240699506396,2024-10
2024-10-29,1757104.7595370314,1272328.9660800002,484775.79345703125,142.58111572265625,2058205.544369629,-0.14629286450825119,-0.01341331231727294,2024-10
2024-10-30,1749603.4991610548,1272328.9660800002,477274.5330810547,140.37486267089844,2058205.544369629,-0.14993742780101696,-0.0042691025308889685,2024-10
2024-10-31,1755584.2120516798,1272328.9660800002,483255.2459716797,142.13389587402344,2058205.544369629,-0.14703163789728957,0.0034183247195680444,2024-10
2024-11-01,1747846.431289961,1272328.9660800002,475517.46520996094,139.8580780029297,2058205.544369629,-0.1507911170138851,-0.0044075246909836,2024-11
2024-11-04,1756023.4271395705,1272328.9660800002,483694.4610595703,142.26307678222656,2058205.544369629,-0.14681824080043882,0.004678326255227461,2024-11
2024-11-05,1773391.1517489455,1272328.9660800002,501062.1856689453,147.37123107910156,2058205.544369629,-0.1383799559766098,0.009890371814495591,2024-11
2024-11-06,1755178.7188876173,1272328.9660800002,482849.7528076172,142.01463317871094,2058205.544369629,-0.14722865085606415,-0.010269834065297245,2024-11
2024-11-07,1762544.7802889845,1272328.9660800002,490215.8142089844,144.18112182617188,2058205.544369629,-0.14364977535380075,0.004196758610448326,2024-11
2024-11-08,1752847.2888339064,1272328.9660800002,480518.32275390625,141.32891845703125,2058205.544369629,-0.14836139974991916,-0.005501983021099832,2024-11
2024-11-11,1761936.5405428908,1272328.9660800002,489607.5744628906,144.00222778320312,2058205.544369629,-0.1439452947919626,0.005185421323857131,2024-11
2024-11-12,1770721.8280184767,1272328.9660800002,498392.86193847656,146.5861358642578,2058205.544369629,-0.13967687393398817,0.004986154310006485,2024-11
2024-11-13,1800456.4715731642,1272328.9660800002,528127.5054931641,155.3316192626953,2058205.544369629,-0.1252299963439298,0.016792385503013874,2024-11
2024-11-14,1775148.271499922,1272328.9660800002,502819.3054199219,147.88803100585938,2058205.544369629,-0.13752624155737536,-0.014056546477421272,2024-11
2024-11-15,1747069.2706454298,1272328.9660800002,474740.3045654297,139.62950134277344,2058205.544369629,-0.15116870838062552,-0.015817834096059302,2024-11
2024-11-19,1717344.7688000002,1717344.7688000002,0.0,133.96481323242188,2058205.544369629,-0.16561065851857126,-0.017013922884951405,2024-11
2024-11-20,1717344.7688000002,1717344.7688000002,0.0,137.2841339111328,2058205.544369629,-0.16561065851857126,0.0,2024-11
2024-11-21,1717344.7688000002,1717344.7688000002,0.0,132.9710235595703,2058205.544369629,-0.16561065851857126,0.0,2024-11
2024-11-22,1717344.7688000002,1717344.7688000002,0.0,131.46043395996094,2058205.544369629,-0.16561065851857126,0.0,2024-11
2024-11-25,1717344.7688000002,1717344.7688000002,0.0,124.22553253173828,2058205.544369629,-0.16561065851857126,0.0,2024-11
2024-11-26,1717344.7688000002,1717344.7688000002,0.0,126.25289154052734,2058205.544369629,-0.16561065851857126,0.0,2024-11
2024-11-27,1717344.7688000002,1717344.7688000002,0.0,127.89268493652344,2058205.544369629,-0.16561065851857126,0.0,2024-11
2024-11-28,1717344.7688000002,1717344.7688000002,0.0,124.01683807373047,2058205.544369629,-0.16561065851857126,0.0,2024-11
2024-11-29,1717344.7688000002,1717344.7688000002,0.0,125.94482421875,2058205.544369629,-0.16561065851857126,0.0,2024-11
2024-12-02,1717344.7688000002,1717344.7688000002,0.0,131.2119903564453,2058205.544369629,-0.16561065851857126,0.0,2024-12
2024-12-03,1717344.7688000002,1717344.7688000002,0.0,129.19454956054688,2058205.544369629,-0.16561065851857126,0.0,2024-12
2024-12-04,1717344.7688000002,1717344.7688000002,0.0,127.2268295288086,2058205.544369629,-0.16561065851857126,0.0,2024-12
2024-12-05,1717344.7688000002,1717344.7688000002,0.0,131.0231475830078,2058205.544369629,-0.16561065851857126,0.0,2024-12
2024-12-06,1717344.7688000002,1717344.7688000002,0.0,130.6951904296875,2058205.544369629,-0.16561065851857126,0.0,2024-12
2024-12-09,1717344.7688000002,1717344.7688000002,0.0,124.32492065429688,2058205.544369629,-0.16561065851857126,0.0,2024-12
2024-12-10,1717344.7688000002,1717344.7688000002,0.0,122.38700866699219,2058205.544369629,-0.16561065851857126,0.0,2024-12
2024-12-11,1717344.7688000002,1717344.7688000002,0.0,124.35472869873047,2058205.544369629,-0.16561065851857126,0.0,2024-12
2024-12-12,1717344.7688000002,1717344.7688000002,0.0,129.36351013183594,2058205.544369629,-0.16561065851857126,0.0,2024-12
2024-12-13,1717344.7688000002,1717344.7688000002,0.0,126.3125228881836,2058205.544369629,-0.16561065851857126,0.0,2024-12
2024-12-16,1717344.7688000002,1717344.7688000002,0.0,122.03916931152344,2058205.544369629,-0.16561065851857126,0.0,2024-12
2024-12-17,1717344.7688000002,1717344.7688000002,0.0,125.20939636230469,2058205.544369629,-0.16561065851857126,0.0,2024-12
2024-12-18,1717344.7688000002,1717344.7688000002,0.0,122.6652603149414,2058205.544369629,-0.16561065851857126,0.0,2024-12
2024-12-19,1717344.7688000002,1717344.7688000002,0.0,126.25289154052734,2058205.544369629,-0.16561065851857126,0.0,2024-12
2024-12-20,1717344.7688000002,1717344.7688000002,0.0,126.3125228881836,2058205.544369629,-0.16561065851857126,0.0,2024-12
2024-12-23,1717344.7688000002,1717344.7688000002,0.0,131.7685089111328,2058205.544369629,-0.16561065851857126,0.0,2024-12
2024-12-24,1717344.7688000002,1717344.7688000002,0.0,130.7946014404297,2058205.544369629,-0.16561065851857126,0.0,2024-12
2024-12-25,1717344.7688000002,1717344.7688000002,0.0,134.15365600585938,2058205.544369629,-0.16561065851857126,0.0,2024-12
2024-12-26,1717344.7688000002,1717344.7688000002,0.0,139.9276580810547,2058205.544369629,-0.16561065851857126,0.0,2024-12
2024-12-27,1717344.7688000002,1717344.7688000002,0.0,136.0021209716797,2058205.544369629,-0.16561065851857126,0.0,2024-12
2024-12-30,1717344.7688000002,1717344.7688000002,0.0,130.3672332763672,2058205.544369629,-0.16561065851857126,0.0,2024-12
2024-12-31,1717344.7688000002,1717344.7688000002,0.0,122.7447738647461,2058205.544369629,-0.16561065851857126,0.0,2024-12
2025-01-02,1717344.7688000002,1717344.7688000002,0.0,121.35344696044922,2058205.544369629,-0.16561065851857126,0.0,2025-01
2025-01-03,1717344.7688000002,1717344.7688000002,0.0,122.24786376953125,2058205.544369629,-0.16561065851857126,0.0,2025-01
2025-01-06,1717344.7688000002,1717344.7688000002,0.0,124.7125015258789,2058205.544369629,-0.16561065851857126,0.0,2025-01
2025-01-07,1717344.7688000002,1717344.7688000002,0.0,127.5547866821289,2058205.544369629,-0.16561065851857126,0.0,2025-01
2025-01-08,1717344.7688000002,1717344.7688000002,0.0,123.45037841796875,2058205.544369629,-0.16561065851857126,0.0,2025-01
2025-01-09,1717344.7688000002,1717344.7688000002,0.0,120.75716400146484,2058205.544369629,-0.16561065851857126,0.0,2025-01
2025-01-10,1717344.7688000002,1717344.7688000002,0.0,112.4290771484375,2058205.544369629,-0.16561065851857126,0.0,2025-01
2025-01-13,1717344.7688000002,1717344.7688000002,0.0,110.11351013183594,2058205.544369629,-0.16561065851857126,0.0,2025-01
2025-01-14,1717344.7688000002,1717344.7688000002,0.0,113.64152526855469,2058205.544369629,-0.16561065851857126,0.0,2025-01
2025-01-15,1717344.7688000002,1717344.7688000002,0.0,109.85513305664062,2058205.544369629,-0.16561065851857126,0.0,2025-01
2025-01-16,1717344.7688000002,1717344.7688000002,0.0,118.74967193603516,2058205.544369629,-0.16561065851857126,0.0,2025-01
2025-01-17,1717344.7688000002,1717344.7688000002,0.0,116.17572021484375,2058205.544369629,-0.16561065851857126,0.0,2025-01
2025-01-20,1717344.7688000002,1717344.7688000002,0.0,118.42172241210938,2058205.544369629,-0.16561065851857126,0.0,2025-01
2025-01-21,1717344.7688000002,1717344.7688000002,0.0,118.81924438476562,2058205.544369629,-0.16561065851857126,0.0,2025-01
2025-01-22,1717248.12464,1415235.12464,302013.0,131.1821746826172,2058205.544369629,-0.16565761406208562,-5.627533955665509e-05,2025-01
2025-01-23,1706559.0687600002,1706559.0687600002,0.0,126.95849609375,2058205.544369629,-0.1708510000721664,-0.006224526162892596,2025-01
2025-01-24,1706559.0687600002,1706559.0687600002,0.0,127.45540618896484,2058205.544369629,-0.1708510000721664,0.0,2025-01
2025-01-27,1706559.0687600002,1706559.0687600002,0.0,114.10861206054688,2058205.544369629,-0.1708510000721664,0.0,2025-01
2025-02-05,1706559.0687600002,1706559.0687600002,0.0,97.64127349853516,2058205.544369629,-0.1708510000721664,0.0,2025-02
2025-02-06,1706559.0687600002,1706559.0687600002,0.0,100.37423706054688,2058205.544369629,-0.1708510000721664,0.0,2025-02
2025-02-07,1706559.0687600002,1706559.0687600002,0.0,107.11222076416016,2058205.544369629,-0.1708510000721664,0.0,2025-02
2025-02-10,1706559.0687600002,1706559.0687600002,0.0,109.93463134765625,2058205.544369629,-0.1708510000721664,0.0,2025-02
2025-02-11,1706559.0687600002,1706559.0687600002,0.0,110.8091812133789,2058205.544369629,-0.1708510000721664,0.0,2025-02
2025-02-12,1706559.0687600002,1706559.0687600002,0.0,111.20670318603516,2058205.544369629,-0.1708510000721664,0.0,2025-02
2025-02-13,1706559.0687600002,1706559.0687600002,0.0,107.45012664794922,2058205.544369629,-0.1708510000721664,0.0,2025-02
2025-02-14,1706559.0687600002,1706559.0687600002,0.0,106.76438903808594,2058205.544369629,-0.1708510000721664,0.0,2025-02
2025-02-17,1706559.0687600002,1706559.0687600002,0.0,114.84402465820312,2058205.544369629,-0.1708510000721664,0.0,2025-02
2025-02-18,1706559.0687600002,1706559.0687600002,0.0,112.88622283935547,2058205.544369629,-0.1708510000721664,0.0,2025-02
2025-02-19,1706559.0687600002,1706559.0687600002,0.0,113.5322036743164,2058205.544369629,-0.1708510000721664,0.0,2025-02
2025-02-20,1706559.0687600002,1706559.0687600002,0.0,113.73096466064453,2058205.544369629,-0.1708510000721664,0.0,2025-02
2025-02-21,1706559.0687600002,1706559.0687600002,0.0,117.99439239501953,2058205.544369629,-0.1708510000721664,0.0,2025-02
2025-02-24,1706559.0687600002,1706559.0687600002,0.0,113.79058837890625,2058205.544369629,-0.1708510000721664,0.0,2025-02
2025-02-25,1706559.0687600002,1706559.0687600002,0.0,110.66011047363281,2058205.544369629,-0.1708510000721664,0.0,2025-02
2025-02-26,1706559.0687600002,1706559.0687600002,0.0,111.52471160888672,2058205.544369629,-0.1708510000721664,0.0,2025-02
2025-02-27,1706559.0687600002,1706559.0687600002,0.0,107.50975036621094,2058205.544369629,-0.1708510000721664,0.0,2025-02
2025-02-28,1706559.0687600002,1706559.0687600002,0.0,100.24504089355469,2058205.544369629,-0.1708510000721664,0.0,2025-02
2025-03-03,1706559.0687600002,1706559.0687600002,0.0,102.13327026367188,2058205.544369629,-0.1708510000721664,0.0,2025-03
2025-03-04,1706559.0687600002,1706559.0687600002,0.0,101.82518768310547,2058205.544369629,-0.1708510000721664,0.0,2025-03
2025-03-05,1706559.0687600002,1706559.0687600002,0.0,102.8189926147461,2058205.544369629,-0.1708510000721664,0.0,2025-03
2025-03-06,1706559.0687600002,1706559.0687600002,0.0,104.51839447021484,2058205.544369629,-0.1708510000721664,0.0,2025-03
2025-03-07,1706559.0687600002,1706559.0687600002,0.0,101.6065444946289,2058205.544369629,-0.1708510000721664,0.0,2025-03
2025-03-10,1706559.0687600002,1706559.0687600002,0.0,101.74568176269531,2058205.544369629,-0.1708510000721664,0.0,2025-03
2025-03-11,1706559.0687600002,1706559.0687600002,0.0,101.14939880371094,2058205.544369629,-0.1708510000721664,0.0,2025-03
2025-03-12,1706559.0687600002,1706559.0687600002,0.0,101.7258071899414,2058205.544369629,-0.1708510000721664,0.0,2025-03
2025-03-13,1706559.0687600002,1706559.0687600002,0.0,101.8550033569336,2058205.544369629,-0.1708510000721664,0.0,2025-03
2025-03-14,1706559.0687600002,1706559.0687600002,0.0,103.345703125,2058205.544369629,-0.1708510000721664,0.0,2025-03
2025-03-17,1706559.0687600002,1706559.0687600002,0.0,103.61404418945312,2058205.544369629,-0.1708510000721664,0.0,2025-03
2025-03-18,1706559.0687600002,1706559.0687600002,0.0,108.18553924560547,2058205.544369629,-0.1708510000721664,0.0,2025-03
2025-03-19,1706559.0687600002,1706559.0687600002,0.0,104.32958221435547,2058205.544369629,-0.1708510000721664,0.0,2025-03
2025-03-20,1706559.0687600002,1706559.0687600002,0.0,104.34944915771484,2058205.544369629,-0.1708510000721664,0.0,2025-03
2025-03-21,1706559.0687600002,1706559.0687600002,0.0,101.81524658203125,2058205.544369629,-0.1708510000721664,0.0,2025-03
2025-03-24,1706559.0687600002,1706559.0687600002,0.0,102.24258422851562,2058205.544369629,-0.1708510000721664,0.0,2025-03
2025-03-25,1706559.0687600002,1706559.0687600002,0.0,101.36803436279297,2058205.544369629,-0.1708510000721664,0.0,2025-03
2025-03-26,1706559.0687600002,1706559.0687600002,0.0,100.4537353515625,2058205.544369629,-0.1708510000721664,0.0,2025-03
2025-03-27,1706559.0687600002,1706559.0687600002,0.0,98.5058822631836,2058205.544369629,-0.1708510000721664,0.0,2025-03
2025-03-28,1706559.0687600002,1706559.0687600002,0.0,96.80648040771484,2058205.544369629,-0.1708510000721664,0.0,2025-03
2025-03-31,1706559.0687600002,1706559.0687600002,0.0,98.02885437011719,2058205.544369629,-0.1708510000721664,0.0,2025-03
2025-04-01,1706559.0687600002,1706559.0687600002,0.0,97.99903869628906,2058205.544369629,-0.1708510000721664,0.0,2025-04
2025-04-02,1706559.0687600002,1706559.0687600002,0.0,99.14192199707031,2058205.544369629,-0.1708510000721664,0.0,2025-04
2025-04-03,1706559.0687600002,1706559.0687600002,0.0,93.29833984375,2058205.544369629,-0.1708510000721664,0.0,2025-04
2025-04-07,1706559.0687600002,1706559.0687600002,0.0,74.63470458984375,2058205.544369629,-0.1708510000721664,0.0,2025-04
2025-04-08,1706559.0687600002,1706559.0687600002,0.0,71.83216857910156,2058205.544369629,-0.1708510000721664,0.0,2025-04
2025-04-09,1706559.0687600002,1706559.0687600002,0.0,71.54396057128906,2058205.544369629,-0.1708510000721664,0.0,2025-04
2025-04-10,1706559.0687600002,1706559.0687600002,0.0,77.0098876953125,2058205.544369629,-0.1708510000721664,0.0,2025-04
2025-04-11,1706559.0687600002,1706559.0687600002,0.0,77.88444519042969,2058205.544369629,-0.1708510000721664,0.0,2025-04
2025-04-14,1706559.0687600002,1706559.0687600002,0.0,81.03480529785156,2058205.544369629,-0.1708510000721664,0.0,2025-04
2025-04-15,1706559.0687600002,1706559.0687600002,0.0,79.67329406738281,2058205.544369629,-0.1708510000721664,0.0,2025-04
2025-04-16,1706559.0687600002,1706559.0687600002,0.0,77.50679016113281,2058205.544369629,-0.1708510000721664,0.0,2025-04
2025-04-17,1706559.0687600002,1706559.0687600002,0.0,77.129150390625,2058205.544369629,-0.1708510000721664,0.0,2025-04
2025-04-18,1706559.0687600002,1706559.0687600002,0.0,78.64967346191406,2058205.544369629,-0.1708510000721664,0.0,2025-04
2025-04-21,1706559.0687600002,1706559.0687600002,0.0,80.68697357177734,2058205.544369629,-0.1708510000721664,0.0,2025-04
2025-04-22,1706559.0687600002,1706559.0687600002,0.0,79.57390594482422,2058205.544369629,-0.1708510000721664,0.0,2025-04
2025-04-23,1706559.0687600002,1706559.0687600002,0.0,83.00253295898438,2058205.544369629,-0.1708510000721664,0.0,2025-04
2025-04-24,1706559.0687600002,1706559.0687600002,0.0,80.82610321044922,2058205.544369629,-0.1708510000721664,0.0,2025-04
2025-04-25,1706559.0687600002,1706559.0687600002,0.0,84.74169158935547,2058205.544369629,-0.1708510000721664,0.0,2025-04
2025-04-28,1706559.0687600002,1706559.0687600002,0.0,82.87333679199219,2058205.544369629,-0.1708510000721664,0.0,2025-04
2025-04-29,1706559.0687600002,1706559.0687600002,0.0,82.5751953125,2058205.544369629,-0.1708510000721664,0.0,2025-04
2025-04-30,1706559.0687600002,1706559.0687600002,0.0,82.97272491455078,2058205.544369629,-0.1708510000721664,0.0,2025-04
2025-05-06,1706559.0687600002,1706559.0687600002,0.0,86.11314392089844,2058205.544369629,-0.1708510000721664,0.0,2025-05
2025-05-07,1706559.0687600002,1706559.0687600002,0.0,86.11314392089844,2058205.544369629,-0.1708510000721664,0.0,2025-05
2025-05-08,1706559.0687600002,1706559.0687600002,0.0,95.89217376708984,2058205.544369629,-0.1708510000721664,0.0,2025-05
2025-05-09,1706559.0687600002,1706559.0687600002,0.0,94.212646484375,2058205.544369629,-0.1708510000721664,0.0,2025-05
2025-05-12,1706559.0687600002,1706559.0687600002,0.0,96.66734313964844,2058205.544369629,-0.1708510000721664,0.0,2025-05
2025-05-13,1706559.0687600002,1706559.0687600002,0.0,95.83255004882812,2058205.544369629,-0.1708510000721664,0.0,2025-05
2025-05-14,1706559.0687600002,1706559.0687600002,0.0,97.78040313720703,2058205.544369629,-0.1708510000721664,0.0,2025-05
2025-05-15,1706559.0687600002,1706559.0687600002,0.0,93.53685760498047,2058205.544369629,-0.1708510000721664,0.0,2025-05
2025-05-16,1706462.52732,1404770.52732,301692.0,97.223876953125,2058205.544369629,-0.17089790570812882,-5.657081654386609e-05,2025-05
2025-05-19,1697612.4650400002,1697612.4650400002,0.0,94.6896743774414,2058205.544369629,-0.17519779806057628,-0.005186203704044434,2025-05
2025-05-20,1697514.7140000002,1392042.7140000002,305472.0,95.3654556274414,2058205.544369629,-0.1752452913929441,-5.758148105827754e-05,2025-05
2025-05-21,1696480.7755234377,1392042.7140000002,304438.0615234375,95.13689422607422,2058205.544369629,-0.1757476408688703,-0.0006090895519403894,2025-05
2025-05-22,1692441.9083359377,1392042.7140000002,300399.1943359375,93.87474822998047,2058205.544369629,-0.17770996537943662,-0.002380732658909035,2025-05
2025-05-23,1683529.4429600001,1683529.4429600001,0.0,91.30081176757812,2058205.544369629,-0.18204017690778382,-0.005266039166272218,2025-05
2025-05-26,1683529.4429600001,1683529.4429600001,0.0,91.78776550292969,2058205.544369629,-0.18204017690778382,0.0,2025-05
2025-05-27,1683529.4429600001,1683529.4429600001,0.0,89.60140228271484,2058205.544369629,-0.18204017690778382,0.0,2025-05
2025-05-28,1683529.4429600001,1683529.4429600001,0.0,92.0461654663086,2058205.544369629,-0.18204017690778382,0.0,2025-05
2025-05-29,1683529.4429600001,1683529.4429600001,0.0,94.3517837524414,2058205.544369629,-0.18204017690778382,0.0,2025-05
2025-05-30,1683529.4429600001,1683529.4429600001,0.0,92.97039031982422,2058205.544369629,-0.18204017690778382,0.0,2025-05
2025-06-03,1683529.4429600001,1683529.4429600001,0.0,91.19148254394531,2058205.544369629,-0.18204017690778382,0.0,2025-06
2025-06-04,1683368.3844,1180060.3844,503308.0,96.6971664428711,2058205.544369629,-0.18211842883963808,-9.566720717213428e-05,2025-06
2025-06-05,1711721.8223882813,1180060.3844,531661.4379882812,102.24258422851562,2058205.544369629,-0.16834262395666894,0.01684327580999878,2025-06
2025-06-06,1714667.4522710938,1180060.3844,534607.0678710938,102.80905151367188,2058205.544369629,-0.16691145985798575,0.0017208578194689572,2025-06
2025-06-09,1741023.1987310548,1180060.3844,560962.8143310547,107.8774642944336,2058205.544369629,-0.15410625362770472,0.015370762665992466,2025-06
2025-06-10,1736992.238648047,1180060.3844,556931.8542480469,107.10227966308594,2058205.544369629,-0.15606473639150584,-0.002315282235150984,2025-06
2025-06-11,1738077.5291753907,1180060.3844,558017.1447753906,107.31098937988281,2058205.544369629,-0.15553743700184447,0.0006248102341483985,2025-06
2025-06-12,1779523.1224371095,1180060.3844,599462.7380371094,115.28129577636719,2058205.544369629,-0.13540067594068797,0.023845652777860993,2025-06
2025-06-13,1782882.2227789063,1180060.3844,602821.8383789062,115.92727661132812,2058205.544369629,-0.13376862303373419,0.0018876407389394334,2025-06
2025-06-16,1803139.9345708985,1180060.3844,623079.5501708984,119.82299041748047,2058205.544369629,-0.12392620868041139,0.011362338764260738,2025-06
2025-06-17,1796886.9377447267,1180060.3844,616826.5533447266,118.62049102783203,2058205.544369629,-0.12696429049069385,-0.0034678378013184297,2025-06
2025-06-18,1826343.2365728517,1180060.3844,646282.8521728516,124.28516387939453,2058205.544369629,-0.11265264950386197,0.01639296174365623,2025-06
2025-06-19,1845748.3787847657,1180060.3844,665687.9943847656,128.0169219970703,2058205.544369629,-0.1032244647120183,0.01062513432487533,2025-06
2025-06-20,1851974.5567632813,1180060.3844,671914.1723632812,129.21426391601562,2058205.544369629,-0.10019941311037055,0.0033732539332447242,2025-06
2025-06-23,1839470.2293707032,1180060.3844,659409.8449707031,126.80958557128906,2058205.544369629,-0.10627476716175993,-0.006751889407396683,2025-06
2025-06-24,1829923.3543707032,1180060.3844,649862.9699707031,124.97364807128906,2058205.544369629,-0.11091321302841119,-0.005190013324252618,2025-06
2025-06-25,1832413.8573003907,1180060.3844,652353.4729003906,125.45259094238281,2058205.544369629,-0.10970317696738684,0.0013609875647191405,2025-06
2025-06-26,1853012.3192144532,1180060.3844,672951.9348144531,129.41383361816406,2058205.544369629,-0.09969520571766832,0.011241162487392042,2025-06
2025-06-27,1898152.4071050782,1180060.3844,718092.0227050781,138.09461975097656,2058205.544369629,-0.07776343703979793,0.024360381969700695,2025-06
2025-06-30,1936858.9073492188,1180060.3844,756798.5229492188,145.53817749023438,2058205.544369629,-0.05895749205047212,0.02039167144811782,2025-06
2025-07-01,1933953.2677007813,1180060.3844,753892.8833007812,144.97940063476562,2058205.544369629,-0.06036922648894261,-0.0015001813696455812,2025-07
2025-07-02,1900902.3704839845,1180060.3844,720841.9860839844,138.6234588623047,2058205.544369629,-0.07642733949286974,-0.017089811718196346,2025-07
2025-07-03,1918180.1353765626,1180060.3844,738119.7509765625,141.94610595703125,2058205.544369629,-0.06803276250815474,0.009089243698601424,2025-07
2025-07-04,1903600.441773047,1180060.3844,723540.0573730469,139.14231872558594,2058205.544369629,-0.07511645424312233,-0.007600794802649413,2025-07
2025-07-07,1881289.77893125,1180060.3844,701229.39453125,134.851806640625,2058205.544369629,-0.08595631564706681,-0.011720244622877019,2025-07
2025-07-08,1931774.1173101563,1180060.3844,751713.7329101562,144.56033325195312,2058205.544369629,-0.06142798876688235,0.026834961282565573,2025-07
2025-07-09,1933953.2677007813,1180060.3844,753892.8833007812,144.97940063476562,2058205.544369629,-0.06036922648894261,0.0011280565212559157,2025-07
2025-07-10,1940646.4744878907,1180060.3844,760586.0900878906,146.2665557861328,2058205.544369629,-0.057117264212667954,0.0034608937552387253,2025-07
2025-07-11,1933849.562866797,1180060.3844,753789.1784667969,144.95945739746094,2058205.544369629,-0.060419612532391025,-0.003502395573045991,2025-07
2025-07-14,1957405.4771734376,1180060.3844,777345.0927734375,149.48944091796875,2058205.544369629,-0.04897473309793437,0.012180841136226084,2025-07
2025-07-15,2087066.6710210938,1180060.3844,907006.2866210938,174.42428588867188,2087066.6710210938,0.0,0.06624135640761142,2025-07
2025-07-16,2066053.1517339845,1180060.3844,885992.7673339844,170.3832244873047,2087066.6710210938,-0.01006844658049594,-0.010068446580495993,2025-07
2025-07-17,2097651.3084722655,1180060.3844,917590.9240722654,176.4597930908203,2097651.3084722655,0.0,0.015293970879578511,2025-07
2025-07-18,2117212.007935156,1180060.3844,937151.623535156,180.22146606445312,2117212.007935156,0.0,0.009325048154517512,2025-07
2025-07-21,2155243.911011328,1180060.3844,975183.5266113279,187.53529357910156,2155243.911011328,0.0,0.01796320015833608,2025-07
2025-07-22,2137032.2471929686,1180060.3844,956971.8627929685,184.03305053710938,2155243.911011328,-0.008449931687691776,-0.008449931687691814,2025-07
2025-07-23,2146060.2806402342,1180060.3844,965999.8962402341,185.7692108154297,2155243.911011328,-0.004261063132656952,0.004224565847859463,2025-07
2025-07-24,2140975.569946875,1180060.3844,960915.1855468748,184.7913818359375,2155243.911011328,-0.006620290627689485,-0.0023693233313289985,2025-07
2025-07-25,2141079.2747808592,1180060.3844,961018.8903808591,184.8113250732422,2155243.911011328,-0.006572173181003039,4.843812112564905e-05,2025-07
2025-07-28,2175582.991821875,1180060.3844,995522.6074218748,191.4466552734375,2175582.991821875,0.0,0.016115104866701868,2025-07
2025-07-29,2269287.72815,1180060.3844,1089227.3437499998,209.466796875,2269287.72815,0.0,0.043071092521115295,2025-07
2025-07-30,2272764.1014410155,1180060.3844,1092703.7170410154,210.1353302001953,2272764.1014410155,0.0,0.001531922659208096,2025-07
2025-07-31,2309135.6956792967,1180060.3844,1129075.3112792966,217.12986755371094,2309135.6956792967,0.0,0.01600324213816129,2025-07
2025-08-01,2272919.7777105467,1180060.3844,1092859.3933105466,210.16526794433594,2309135.6956792967,-0.01568375476439728,-0.015683754764397317,2025-08
2025-08-04,2261453.1334234374,1180060.3844,1081392.7490234373,207.96014404296875,2309135.6956792967,-0.020649528022575657,-0.005044896172560653,2025-08
2025-08-05,2274424.410278906,1180060.3844,1094364.025878906,210.45462036132812,2309135.6956792967,-0.015032154873072252,0.005735815022543722,2025-08
2025-08-06,2272349.0440679686,1180060.3844,1092288.6596679685,210.05551147460938,2309135.6956792967,-0.015930918083402763,-0.000912479747209094,2025-08
2025-08-07,2261660.7017828124,1180060.3844,1081600.3173828123,208.00006103515625,2309135.6956792967,-0.020559637956884244,-0.004703653390335627,2025-08
2025-08-08,2266019.0819097655,1180060.3844,1085958.6975097654,208.8382110595703,2309135.6956792967,-0.018672187108885904,0.001927070724409452,2025-08
2025-08-11,2294296.4622808592,1180060.3844,1114236.0778808591,214.2761688232422,2309135.6956792967,-0.006426315017434315,0.012478880075123655,2025-08
2025-08-12,2351007.0579839842,1180060.3844,1170946.6735839841,225.1820526123047,2351007.0579839842,0.0,0.02471807660233516,2025-08
2025-08-13,2487569.106323828,1180060.3844,1307508.721923828,251.44398498535156,2487569.106323828,0.0,0.058086617764962156,2025-08
2025-08-14,2422556.8077398436,1180060.3844,1242496.4233398435,238.94161987304688,2487569.106323828,-0.0261348713564226,-0.026134871356422562,2025-08
2025-08-15,2415189.0831304686,1180060.3844,1235128.6987304685,237.52474975585938,2487569.106323828,-0.02909668841334173,-0.0030413010691165976,2025-08
2025-08-18,2529077.3033453124,1180060.3844,1349016.9189453123,259.42633056640625,2529077.3033453124,0.0,0.047154991304956706,2025-08
2025-08-19,2609499.410278906,1180060.3844,1429439.025878906,274.8921203613281,2609499.410278906,0.0,0.03179899120806473,2025-08
2025-08-20,2569496.0045171874,1180060.3844,1389435.6201171873,267.19915771484375,2609499.410278906,-0.015329915616820601,-0.015329915616820622,2025-08
2025-08-21,2556161.324341406,1180060.3844,1376100.939941406,264.6347961425781,2609499.410278906,-0.02043996857305255,-0.005189609227778114,2025-08
2025-08-22,2627140.4991460936,1180060.3844,1447080.1147460935,278.2846374511719,2627140.4991460936,0.0,0.027767877609593095,2025-08
2025-08-25,2840388.900025,1180060.3844,1660328.5156249998,319.2939453125,2840388.900025,0.0,0.0811712966810183,2025-08
2025-08-26,2809257.7720953124,1180060.3844,1629197.3876953123,313.30718994140625,2840388.900025,-0.010960163916079766,-0.01096016391607979,2025-08
2025-08-27,2866850.374634375,1180060.3844,1686789.9902343748,324.3826904296875,2866850.374634375,0.0,0.020501003187082478,2025-08
2025-08-28,3042897.066528906,1180060.3844,1862836.682128906,358.2378234863281,3042897.066528906,0.0,0.06140770144552232,2025-08
2025-08-29,3021572.2740484374,1180060.3844,1841511.8896484373,354.13690185546875,3042897.066528906,-0.00700805581464981,-0.007008055814649805,2025-08
2025-09-01,3287121.077759375,1180060.3844,2107060.693359375,405.2039794921875,3287121.077759375,0.0,0.08788431307490896,2025-09
2025-09-02,3172454.634888281,1180060.3844,1992394.250488281,383.1527404785156,3287121.077759375,-0.03488354707921337,-0.03488354707921337,2025-09
2025-09-03,3391358.638794531,1180060.3844,2211298.2543945312,425.2496643066406,3391358.638794531,0.0,0.06900146072977931,2025-09
2025-09-04,3095353.1456304686,1180060.3844,1915292.7612304685,368.3255310058594,3391358.638794531,-0.08728227377016032,-0.08728227377016029,2025-09
2025-09-05,3291790.7310796874,1180060.3844,2111730.3466796875,406.10198974609375,3391358.638794531,-0.029359297650169924,0.06346209178959694,2025-09
2025-09-08,3099763.179810156,1180060.3844,1919702.795410156,369.1736145019531,3391358.638794531,-0.08598189989367315,-0.05833528524656473,2025-09
2025-09-09,3044246.1021734374,1180060.3844,1864185.7177734373,358.49725341796875,3391358.638794531,-0.10235205815462678,-0.01791010293893447,2025-09
2025-09-10,3177643.050415625,1180060.3844,1997582.6660156248,384.1505126953125,3391358.638794531,-0.0630176902950235,0.0438193706306953,2025-09
2025-09-11,3462856.4171148436,1180060.3844,2282796.0327148438,438.9992370605469,3462856.4171148436,0.0,0.08975626342358178,2025-09
2025-09-12,3370085.4210210936,1180060.3844,2190025.0366210938,421.1586608886719,3462856.4171148436,-0.026790309767173146,-0.026790309767173115,2025-09
2025-09-15,3297082.9307867186,1180060.3844,2117022.5463867188,407.1197204589844,3462856.4171148436,-0.047871891398328,-0.021661910935259376,2025-09
2025-09-16,3314724.1783453124,1180060.3844,2134663.7939453125,410.51226806640625,3462856.4171148436,-0.04277747065613276,0.005350562278512161,2025-09
2025-09-17,3287639.9986578124,1180060.3844,2107579.6142578125,405.30377197265625,3462856.4171148436,-0.05059881131398937,-0.008170869801004121,2025-09
2025-09-18,3304243.0870367186,1180060.3844,2124182.7026367188,408.4966735839844,3462856.4171148436,-0.04580418907760468,0.005050154027109066,2025-09
2025-09-19,3367024.263794531,1180060.3844,2186963.8793945312,420.5699768066406,3462856.4171148436,-0.02767430750136536,0.019000168905283443,2025-09
2025-09-22,3348864.5714117186,1180060.3844,2168804.1870117188,417.0777282714844,3462856.4171148436,-0.03291844418952255,-0.005393395164413506,2025-09
2025-09-23,3433385.67736875,1180060.3844,2253325.29296875,433.331787109375,3462856.4171148436,-0.008510528938028552,0.025238735145805435,2025-09
2025-09-24,3377401.412232031,1180060.3844,2197341.0278320312,422.5655822753906,3462856.4171148436,-0.02467760559186316,-0.01630584804548485,2025-09
2025-09-25,3434994.0147710936,1180060.3844,2254933.6303710938,433.6410827636719,3462856.4171148436,-0.008046074970374944,0.017052341581452968,2025-09
2025-09-26,3326553.8292242186,1180060.3844,2146493.4448242188,412.7872009277344,3462856.4171148436,-0.03936131663356362,-0.0315692502171947,2025-09
2025-09-29,3342378.853638281,1180060.3844,2162318.4692382812,415.8304748535156,3462856.4171148436,-0.03479138288296143,0.004757182726170761,2025-09
2025-09-30,3274564.6202398436,1180060.3844,2094504.2358398435,402.7892761230469,3462856.4171148436,-0.05437470521283684,-0.020289212075590868,2025-09
2025-10-09,3249296.663696875,1180060.3844,2069236.2792968748,397.9300537109375,3462856.4171148436,-0.061671558879100405,-0.007716432403498619,2025-10
2025-10-10,3203585.7628179686,1180060.3844,2023525.3784179685,389.1394958496094,3462856.4171148436,-0.0748719043086667,-0.014067937036841283,2025-10
2025-10-13,3138091.1217046874,1180060.3844,1958030.7373046873,376.54437255859375,3462856.4171148436,-0.09378537724089113,-0.020444166618992066,2025-10
2025-10-14,2977653.1578375,1180060.3844,1797592.7734374998,345.69091796875,3462856.4171148436,-0.14011648212708794,-0.05112597360781346,2025-10
2025-10-15,3019307.74768125,1180060.3844,1839247.3632812498,353.701416015625,3462856.4171148436,-0.12808751389211404,0.013989067106123798,2025-10
2025-10-16,3086048.7510992186,1180060.3844,1905988.3666992185,366.5362243652344,3462856.4171148436,-0.10881411777666795,0.02210473691170578,2025-10
2025-10-17,3120484.1514898436,1180060.3844,1940423.7670898435,373.1584167480469,3462856.4171148436,-0.09886989940814674,0.011158411019384973,2025-10
2025-10-20,3273183.3702398436,1180060.3844,2093122.9858398435,402.5236511230469,3462856.4171148436,-0.05477358112151538,0.04893446380014299,2025-10
2025-10-21,3473146.761353125,1180060.3844,2293086.376953125,440.9781494140625,3473146.761353125,0.0,0.061091411172185195,2025-10
2025-10-22,3487689.400513281,1180060.3844,2307629.0161132812,443.7748107910156,3487689.400513281,0.0,0.004187165173086482,2025-10
2025-10-23,3469926.5953375,1180060.3844,2289866.2109375,440.35888671875,3487689.400513281,-0.005093000877075553,-0.0050930008770755375,2025-10
2025-10-24,3745823.9830328124,1180060.3844,2565763.5986328125,493.41607666015625,3745823.9830328124,0.0,0.07951101561227047,2025-10
2025-10-27,3823420.2720953124,1180060.3844,2643359.8876953125,508.33843994140625,3823420.2720953124,0.0,0.020715412527118726,2025-10
2025-10-28,3844507.1861578124,1180060.3844,2664446.8017578125,512.3936157226562,3844507.1861578124,0.0,0.005515196489488616,2025-10
2025-10-29,3884603.743775,1180060.3844,2704543.359375,520.1044921875,3884603.743775,0.0,0.010429570209038896,2025-10
2025-10-30,3853544.3443609374,1180060.3844,2673483.9599609375,514.1315307617188,3884603.743775,-0.007995512917845114,-0.00799551291784506,2025-10
2025-10-31,3636805.0499273436,1180060.3844,2456744.6655273438,472.4508972167969,3884603.743775,-0.06378995392895574,-0.056244141773211465,2025-10
2025-11-03,3673109.993775,1180060.3844,2493049.609375,479.4326171875,3884603.743775,-0.054444098793580815,0.009982647777169618,2025-11
2025-11-04,3661683.577759375,1180060.3844,2481623.193359375,477.2352294921875,3884603.743775,-0.05738556123590472,-0.0031108287078225327,2025-11
2025-11-05,3657580.452759375,1180060.3844,2477520.068359375,476.4461669921875,3884603.743775,-0.05844181440112786,-0.0011205569549815886,2025-11
2025-11-06,3760782.3936773436,1180060.3844,2580722.0092773438,496.2926940917969,3884603.743775,-0.03187489851341401,0.028215904544248716,2025-11
2025-11-07,3725308.199341406,1180060.3844,2545247.8149414062,489.4707336425781,3884603.743775,-0.04100689669798668,-0.009432663372275107,2025-11
2025-11-10,3725048.580200781,1180060.3844,2544988.1958007812,489.4208068847656,3884603.743775,-0.041073729548323355,-6.969064752038179e-05,2025-11
2025-11-11,3611043.404419531,1180060.3844,2430983.0200195312,467.4967346191406,3884603.743775,-0.07042168452672778,-0.0306050171767438,2025-11
2025-11-12,3734137.789185156,1180060.3844,2554077.4047851562,491.1687316894531,3884603.743775,-0.03873392616453157,0.03408831492165687,2025-11
2025-11-13,3678303.9635015624,1180060.3844,2498243.5791015625,480.43145751953125,3884603.743775,-0.05310703327309221,-0.01495226711914599,2025-11
2025-11-14,3583879.7203375,1180060.3844,2403819.3359375,462.27294921875,3884603.743775,-0.07741433702714318,-0.025670592778900048,2025-11
2025-11-17,3689730.3795171874,1180060.3844,2509669.9951171875,482.62884521484375,3884603.743775,-0.05016557083076831,0.02953521530843095,2025-11
2025-11-18,3636285.6529546874,1180060.3844,2456225.2685546875,472.35101318359375,3884603.743775,-0.0639236604810046,-0.014484724103199453,2025-11
2025-11-19,3717777.181275,1180060.3844,2537716.796875,488.0224609375,3884603.743775,-0.042945580425631895,0.022410650894298056,2025-11
2025-11-20,3735436.3609625,1180060.3844,2555375.9765625,491.41845703125,3884603.743775,-0.03839963935872166,0.004749929548344856,2025-11
2025-11-21,3590060.433228125,1180060.3844,2410000.048828125,463.4615478515625,3884603.743775,-0.07582325765372461,-0.03891805767423551,2025-11
2025-11-24,3552612.593872656,1180060.3844,2372552.2094726562,456.2600402832031,3884603.743775,-0.08546332439553274,-0.010430977431150401,2025-11
2025-11-25,3671344.234497656,1180060.3844,2491283.8500976562,479.0930480957031,3884603.743775,-0.05489865204889633,0.03342093670156476,2025-11
2025-11-26,4001465.36486875,1180060.3844,2821404.98046875,542.577880859375,4001465.36486875,0.0,0.08991832671780609,2025-11
2025-11-27,3901639.58361875,1180060.3844,2721579.19921875,523.380615234375,4001465.36486875,-0.0249473060860229,-0.024947306086022913,2025-11
2025-11-28,3852297.98205625,1180060.3844,2672237.59765625,513.891845703125,4001465.36486875,-0.03727818916593141,-0.012646376095235334,2025-11
2025-12-01,3974353.5728765624,1180060.3844,2794293.1884765625,537.3640747070312,4001465.36486875,-0.006775465865634646,0.03168383946123576,2025-12
2025-12-02,3995129.1344,1180060.3844,2815068.75,541.359375,4001465.36486875,-0.0015834775241039308,0.005227406455535988,2025-12
2025-12-03,3900237.0689703124,1180060.3844,2720176.6845703125,523.1109008789062,4001465.36486875,-0.025297806345440613,-0.023751939483662943,2025-12
2025-12-04,3961368.8072515624,1180060.3844,2781308.4228515625,534.8670043945312,4001465.36486875,-0.010020468493672115,0.015673851922388238,2025-12
2025-12-05,3969419.222290625,1180060.3844,2789358.837890625,536.4151611328125,4001465.36486875,-0.008008601763613198,0.002032230633089771,2025-12
2025-12-08,4140556.7955328124,1180060.3844,2960496.4111328125,569.3262329101562,4140556.7955328124,0.0,0.04311400828643874,2025-12
2025-12-09,4327535.5797125,1180060.3844,3147475.1953125,605.28369140625,4327535.5797125,0.0,0.04515788417186206,2025-12
2025-12-10,4379474.007446875,1180060.3844,3199413.623046875,615.2718505859375,4379474.007446875,0.0,0.012001848806942883,2025-12
2025-12-11,4227865.633423437,1180060.3844,3047805.2490234375,586.1163940429688,4379474.007446875,-0.03461794127916778,-0.03461794127916773,2025-12
2025-12-12,4202883.162720312,1180060.3844,3022822.7783203125,581.3120727539062,4379474.007446875,-0.040322386758383934,-0.0059090029980199965,2025-12
2025-12-15,4145023.6412359374,1180060.3844,2964963.2568359375,570.1852416992188,4379474.007446875,-0.053533909737168706,-0.013766626204980037,2025-12
2025-12-16,4045976.7174078124,1180060.3844,2865916.3330078125,551.1377563476562,4379474.007446875,-0.07615007863318343,-0.023895382125876607,2025-12
2025-12-17,4244329.866821875,1180060.3844,3064269.482421875,589.2825927734375,4379474.007446875,-0.030858532416267428,0.04902478765155727,2025-12
2025-12-18,4146789.5592046874,1180060.3844,2966729.1748046875,570.5248413085938,4379474.007446875,-0.053130683695468896,-0.022981321122013787,2025-12
2025-12-19,4149386.3853765624,1180060.3844,2969326.0009765625,571.0242309570312,4379474.007446875,-0.05253772980021587,0.0006262256945521738,2025-12
2025-12-22,4387264.803345312,1180060.3844,3207204.4189453125,616.7700805664062,4387264.803345312,0.0,0.05732857725833651,2025-12
2025-12-23,4405443.538696875,1180060.3844,3225383.154296875,620.2659912109375,4405443.538696875,0.0,0.004143523622668344,2025-12
2025-12-24,4475041.14611875,1180060.3844,3294980.76171875,633.650146484375,4475041.14611875,0.0,0.015798093156917936,2025-12
2025-12-25,4503087.63049375,1180060.3844,3323027.24609375,639.043701171875,4503087.63049375,0.0,0.00626731318422058,2025-12
2025-12-26,4436606.404907812,1180060.3844,3256546.0205078125,626.2588500976562,4503087.63049375,-0.01476347587280864,-0.014763475872808685,2025-12
2025-12-29,4389861.9469,1180060.3844,3209801.5625,617.26953125,4503087.63049375,-0.025144010706568274,-0.010536084056521955,2025-12
2025-12-30,4462575.936157812,1180060.3844,3282515.5517578125,631.2529907226562,4503087.63049375,-0.008996425932642913,0.016564071977061,2025-12
2025-12-31,4348311.141235937,1180060.3844,3168250.7568359375,609.2789916992188,4503087.63049375,-0.03437119193721792,-0.025605120575327378,2025-12
2026-01-05,4418480.037720312,1180060.3844,3238419.6533203125,622.7730102539062,4503087.63049375,-0.018788795536754974,0.016137045902476554,2026-01
2026-01-06,4323640.340454687,1180060.3844,3143579.9560546875,604.5346069335938,4503087.63049375,-0.0398498329954522,-0.021464326296822378,2026-01
2026-01-07,4398171.981079687,1180060.3844,3218111.5966796875,618.8676147460938,4503087.63049375,-0.02329860265289992,0.017238168477529348,2026-01
2026-01-08,4272740.389282812,1180060.3844,3092680.0048828125,594.7461547851562,4503087.63049375,-0.051153177577776925,-0.02851902843646492,2026-01
2026-01-09,4209115.926392187,1180060.3844,3029055.5419921875,582.5106811523438,4503087.63049375,-0.06528225258395191,-0.01489078602814542,2026-01
2026-01-12,4254665.75549375,1180060.3844,3074605.37109375,591.270263671875,4503087.63049375,-0.05516700881363068,0.010821709332345497,2026-01
2026-01-13,4222412.04455625,1180060.3844,3042351.66015625,585.067626953125,4503087.63049375,-0.06232958560185176,-0.007580786080752189,2026-01
2026-01-14,4260015.56018125,1180060.3844,3079955.17578125,592.299072265625,4503087.63049375,-0.05397897848278113,0.00890569542436781,2026-01
2026-01-15,4426322.8844,1180060.3844,3246262.5,624.28125,4503087.63049375,-0.017047135741689527,0.039039135390311674,2026-01
2026-01-16,4384667.977173437,1180060.3844,3204607.5927734375,616.2706909179688,4503087.63049375,-0.026297434790832207,-0.00941072495487616,2026-01
2026-01-19,4324938.753540625,1180060.3844,3144878.369140625,604.7843017578125,4503087.63049375,-0.0395614945946747,-0.013622291116171747,2026-01
2026-01-20,4218464.754517187,1180060.3844,3038404.3701171875,584.3085327148438,4503087.63049375,-0.06320615971343077,-0.02461861429512091,2026-01
2026-01-21,4202363.924439062,1180060.3844,3022303.5400390625,581.2122192382812,4503087.63049375,-0.06678166865291806,-0.003816751120389039,2026-01
2026-01-22,4405443.538696875,1180060.3844,3225383.154296875,620.2659912109375,4503087.63049375,-0.021683808934930413,0.04832508985640027,2026-01
2026-01-23,4218464.754517187,1180060.3844,3038404.3701171875,584.3085327148438,4503087.63049375,-0.06320615971343077,-0.042442669514950904,2026-01
2026-01-26,4243395.174439062,1180060.3844,3063334.7900390625,589.1028442382812,4503087.63049375,-0.05766986507127178,0.005909832456269637,2026-01
2026-01-27,4377396.41955625,1180060.3844,3197336.03515625,614.872314453125,4503087.63049375,-0.027912228508801713,0.031578780577489196,2026-01
2026-01-28,4441800.374634375,1180060.3844,3261739.990234375,627.2576904296875,4503087.63049375,-0.013610051788544705,0.014712845012253561,2026-01
2026-01-29,4368307.210571875,1180060.3844,3188246.826171875,613.1243896484375,4503087.63049375,-0.02993066779539814,-0.016545805273509018,2026-01
2026-01-30,4550871.199829687,1180060.3844,3370810.8154296875,648.2328491210938,4550871.199829687,0.0,0.041792845708283455,2026-01
2026-02-02,4249627.938110937,1180060.3844,3069567.5537109375,590.3014526367188,4550871.199829687,-0.06619463581611007,-0.06619463581611007,2026-02
2026-02-03,4242875.936157812,1180060.3844,3062815.5517578125,589.0029907226562,4550871.199829687,-0.06767830820687729,-0.001588845435755104,2026-02
2026-02-04,4081880.9184800005,4081880.9184800005,0.0,559.3380737304688,4550871.199829687,-0.10305505490184791,-0.03794478558890013,2026-02
2026-02-05,4081880.9184800005,4081880.9184800005,0.0,561.32568359375,4550871.199829687,-0.10305505490184791,0.0,2026-02
2026-02-06,4081880.9184800005,4081880.9184800005,0.0,539.3717041015625,4550871.199829687,-0.10305505490184791,0.0,2026-02
2026-02-09,4081880.9184800005,4081880.9184800005,0.0,565.3209838867188,4550871.199829687,-0.10305505490184791,0.0,2026-02
2026-02-10,4081880.9184800005,4081880.9184800005,0.0,555.0531616210938,4550871.199829687,-0.10305505490184791,0.0,2026-02
2026-02-11,4081880.9184800005,4081880.9184800005,0.0,531.28125,4550871.199829687,-0.10305505490184791,0.0,2026-02
2026-02-12,4081880.9184800005,4081880.9184800005,0.0,526.8365478515625,4550871.199829687,-0.10305505490184791,0.0,2026-02
2026-02-13,4081880.9184800005,4081880.9184800005,0.0,530.3723754882812,4550871.199829687,-0.10305505490184791,0.0,2026-02
2026-02-24,4081880.9184800005,4081880.9184800005,0.0,553.3451538085938,4550871.199829687,-0.10305505490184791,0.0,2026-02
2026-02-25,4081880.9184800005,4081880.9184800005,0.0,565.40087890625,4550871.199829687,-0.10305505490184791,0.0,2026-02
2026-02-26,4081880.9184800005,4081880.9184800005,0.0,571.5435791015625,4550871.199829687,-0.10305505490184791,0.0,2026-02
2026-02-27,4081880.9184800005,4081880.9184800005,0.0,533.3687744140625,4550871.199829687,-0.10305505490184791,0.0,2026-02
2026-03-02,4081880.9184800005,4081880.9184800005,0.0,569.9055786132812,4550871.199829687,-0.10305505490184791,0.0,2026-03
2026-03-03,4081880.9184800005,4081880.9184800005,0.0,563.133544921875,4550871.199829687,-0.10305505490184791,0.0,2026-03
2026-03-04,4081880.9184800005,4081880.9184800005,0.0,538.3629150390625,4550871.199829687,-0.10305505490184791,0.0,2026-03
2026-03-05,4081880.9184800005,4081880.9184800005,0.0,556.3416137695312,4550871.199829687,-0.10305505490184791,0.0,2026-03
2026-03-06,4081880.9184800005,4081880.9184800005,0.0,544.835205078125,4550871.199829687,-0.10305505490184791,0.0,2026-03
2026-03-09,4081880.9184800005,4081880.9184800005,0.0,525.3682861328125,4550871.199829687,-0.10305505490184791,0.0,2026-03
2026-03-10,4081880.9184800005,4081880.9184800005,0.0,546.3534545898438,4550871.199829687,-0.10305505490184791,0.0,2026-03
2026-03-11,4081880.9184800005,4081880.9184800005,0.0,554.0243530273438,4550871.199829687,-0.10305505490184791,0.0,2026-03
2026-03-12,4081880.9184800005,4081880.9184800005,0.0,534.1678466796875,4550871.199829687,-0.10305505490184791,0.0,2026-03
2026-03-13,4081880.9184800005,4081880.9184800005,0.0,541.3793334960938,4550871.199829687,-0.10305505490184791,0.0,2026-03
2026-03-16,4081880.9184800005,4081880.9184800005,0.0,561.0360717773438,4550871.199829687,-0.10305505490184791,0.0,2026-03
2026-03-17,4081880.9184800005,4081880.9184800005,0.0,542.358154296875,4550871.199829687,-0.10305505490184791,0.0,2026-03
2026-03-18,4081880.9184800005,4081880.9184800005,0.0,579.314453125,4550871.199829687,-0.10305505490184791,0.0,2026-03
2026-03-19,4081880.9184800005,4081880.9184800005,0.0,574.5201416015625,4550871.199829687,-0.10305505490184791,0.0,2026-03
2026-03-20,4081645.9527200004,3347377.9527200004,734268.0,611.276611328125,4550871.199829687,-0.10310668584231682,-5.756310992222069e-05,2026-03
2026-03-23,4066071.4585793754,3347377.9527200004,718693.505859375,598.9112548828125,4550871.199829687,-0.10652899630920233,-0.0038157386311877817,2026-03
2026-03-24,4070350.340415313,3347377.9527200004,722972.3876953125,602.4769897460938,4550871.199829687,-0.10558876274774763,0.0010523380810016914,2026-03
2026-03-25,4100566.6245950004,3347377.9527200004,753188.671875,627.6572265625,4550871.199829687,-0.09894909248399279,0.007423509440861675,2026-03
2026-03-26,4083546.7515481254,3347377.9527200004,736168.798828125,613.4739990234375,4550871.199829687,-0.10268900783196219,-0.004150614928383423,2026-03
2026-03-27,4064129.734946563,3347377.9527200004,716751.7822265625,597.2931518554688,4550871.199829687,-0.10695566706026317,-0.004754939219001497,2026-03
2026-03-30,4053438.426352813,3347377.9527200004,706060.4736328125,588.3837280273438,4550871.199829687,-0.10930495538864965,-0.0026306514041167794,2026-03
2026-03-31,4029862.2788918754,3347377.9527200004,682484.326171875,568.7369384765625,4550871.199829687,-0.11448553432083736,-0.005816332945299152,2026-03
2026-04-01,4068768.2359231254,3347377.9527200004,721390.283203125,601.1585693359375,4550871.199829687,-0.10593641145559213,0.009654413560244102,2026-04
2026-04-02,4044952.440024688,3347377.9527200004,697574.4873046875,581.3120727539062,4550871.199829687,-0.11116965029112075,-0.005853318379790751,2026-04
2026-04-03,4074341.6734231254,3347377.9527200004,726963.720703125,605.8031005859375,4550871.199829687,-0.10471171463266103,0.0072656561070116865,2026-04
2026-04-07,4089935.2281106254,3347377.9527200004,742557.275390625,618.7977294921875,4550871.199829687,-0.10128521583654403,0.0038272574902631362,2026-04
2026-04-08,4172879.8711200003,3003262.8711200003,1169617.0,687.3265991210938,4550871.199829687,-0.08305911376349942,0.02028018498661943,2026-04
2026-04-09,4181153.69864,2933951.69864,1247202.0,692.2008666992188,4550871.199829687,-0.081241038244177,0.001982761971477398,2026-04
2026-04-10,4254758.717682969,2933951.69864,1320807.0190429688,733.7816772460938,4550871.199829687,-0.06506720782556982,0.017603997448577546,2026-04
2026-04-13,4260781.532624375,2933951.69864,1326829.833984375,737.127685546875,4550871.199829687,-0.06374376563682327,0.001415547940797568,2026-04
2026-04-14,4323707.045319688,2933951.69864,1389755.3466796875,772.0863037109375,4550871.199829687,-0.049916630142927625,0.01476853769983233,2026-04
2026-04-15,4336256.178620469,2933951.69864,1402304.4799804688,779.0580444335938,4550871.199829687,-0.047159106857880384,0.002902401381325248,2026-04
2026-04-16,4389527.125886094,2933951.69864,1455575.4272460938,808.6530151367188,4550871.199829687,-0.03545344767165278,0.012285009250208256,2026-04
2026-04-17,4463941.041901719,2933951.69864,1529989.3432617188,849.9940795898438,4550871.199829687,-0.019101871731993167,0.016952604205767052,2026-04
2026-04-20,4462143.239167344,2933951.69864,1528191.5405273438,848.9953002929688,4550871.199829687,-0.019496917571664985,-0.00040273890660735834,2026-04
2026-04-21,4488859.572175156,2933951.69864,1554907.8735351562,863.8377075195312,4550871.199829687,-0.01362632008940437,0.00598733200075352,2026-04
2026-04-22,4527981.337311875,2933951.69864,1594029.638671875,885.572021484375,4550871.199829687,-0.005029775951178078,0.008715301627883587,2026-04
2026-04-23,4546643.263581406,2933951.69864,1612691.5649414062,895.9397583007812,4550871.199829687,-0.0009290388724777064,0.004121467134979406,2026-04
2026-04-24,4528646.449616563,2933951.69864,1594694.7509765625,885.9415283203125,4550871.199829687,-0.004883625406484045,-0.003958263915050941,2026-04
2026-04-27,4474782.350495469,2933951.69864,1540830.6518554688,856.0170288085938,4550871.199829687,-0.016719622681711163,-0.011894083523710353,2026-04
2026-04-28,4417196.412995469,2933951.69864,1483244.7143554688,824.0248413085938,4550871.199829687,-0.029373449821920077,-0.012868991827864829,2026-04
2026-04-29,4454951.69864,2933951.69864,1521000.0,845.0,4550871.199829687,-0.02107717335381344,0.00854734137097779,2026-04
2026-04-30,4477451.69864,2933951.69864,1543500.0,857.5,4550871.199829687,-0.01613306506948273,0.005050559808957855,2026-04
2026-05-06,4474751.69864,2933951.69864,1540800.0,856.0,4550871.199829687,-0.016726358063602415,-0.0006030215805165051,2026-05
2026-05-07,4513397.645905625,2933951.69864,1579445.947265625,877.469970703125,4550871.199829687,-0.008234369262189777,0.008636445074118981,2026-05
2026-05-08,4528751.69864,2933951.69864,1594800.0,886.0,4550871.199829687,-0.004860498181208709,0.0034018834454578872,2026-05
2026-05-11,4626185.707429063,2933951.69864,1692234.0087890625,940.1300048828125,4626185.707429063,0.0,0.02151453982745899,2026-05
2026-05-12,4766333.681061875,2933951.69864,1832381.982421875,1017.989990234375,4766333.681061875,0.0,0.03029449799383377,2026-05
2026-05-13,4822511.610749375,2933951.69864,1888559.912109375,1049.199951171875,4822511.610749375,0.0,0.011786403018889002,2026-05
2026-05-14,4874351.69864,2933951.69864,1940400.0,1078.0,4874351.69864,0.0,0.010749603541663433,2026-05
2026-05-15,4823717.689850938,2933951.69864,1889765.9912109375,1049.8699951171875,4874351.69864,-0.010387844767785216,-0.010387844767785204,2026-05
2026-05-18,4814951.69864,2933951.69864,1881000.0,1045.0,4874351.69864,-0.012186235969918477,-0.0018172687073667593,2026-05
2026-05-19,4787951.69864,2933951.69864,1854000.0,1030.0,4874351.69864,-0.01772543413806324,-0.00560753288711624,2026-05
2026-05-20,4800551.69864,2933951.69864,1866600.0,1037.0,4874351.69864,-0.015140474992929018,0.0026316054950135115,2026-05
2026-05-21,4721963.746979844,2933951.69864,1788012.0483398438,993.3400268554688,4874351.69864,-0.03126322454382482,-0.016370608337041848,2026-05
2026-05-22,4802315.66348375,2933951.69864,1868363.96484375,1037.97998046875,4874351.69864,-0.014778587925107842,0.017016631386740144,2026-05
2026-05-25,4901351.69864,2933951.69864,1967400.0,1093.0,4901351.69864,0.0,0.02062255838559479,2026-05
2026-05-26,4919351.69864,2933951.69864,1985400.0,1103.0,4919351.69864,0.0,0.0036724563154679757,2026-05
2026-05-27,4934417.689850938,2933951.69864,2000465.9912109375,1111.3699951171875,4934417.689850938,0.0,0.003062596889566338,2026-05
2026-05-28,5090333.681061875,2933951.69864,2156381.982421875,1197.989990234375,5090333.681061875,0.0,0.03159764758699368,2026-05
2026-05-29,5024039.760163438,2933951.69864,2090088.0615234375,1161.1600341796875,5090333.681061875,-0.01302349218187366,-0.013023492181873708,2026-05
